Area Abbreviation,Y1961,Y1962,Y1963,Y1964,Y1965,Y1966,Y1967,Y1968,Y1969,Y1970,Y1971,Y1972,Y1973,Y1974,Y1975,Y1976,Y1977,Y1978,Y1979,Y1980,Y1981,Y1982,Y1983,Y1984,Y1985,Y1986,Y1987,Y1988,Y1989,Y1990,Y1991,Y1992,Y1993,Y1994,Y1995,Y1996,Y1997,Y1998,Y1999,Y2000,Y2001,Y2002,Y2003,Y2004,Y2005,Y2006,Y2007,Y2008,Y2009,Y2010,Y2011,Y2012,Y2013
AFG,9481000.0,9414000.0,9194000.0,10170000.0,10473000.0,10169000.0,11289000.0,11508000.0,11815000.0,10454000.0,10433000.0,11121000.0,11759000.0,12017000.0,12348000.0,13090000.0,11274000.0,12218000.0,12150000.0,11810000.0,11495000.0,11228000.0,11068000.0,10574000.0,9827000.0,9049000.0,9952000.0,9406000.0,9243000.0,9782000.0,9638000.0,9593000.0,10773000.0,11347000.0,12005000.0,12671000.0,13525000.0,14013000.0,14315000.0,13569000.0,13109000.0,15070000.0,16073000.0,16542000.0,17658000.0,18317000.0,19248000.0,19381000.0,20661000.0,21030000.0,21100000.0,22706000,23007000
ALB,1706000.0,1749000.0,1767000.0,1889000.0,1884000.0,1995000.0,2046000.0,2169000.0,2230000.0,2395000.0,2376000.0,2478000.0,2575000.0,2728000.0,2822000.0,3097000.0,3258000.0,3377000.0,3352000.0,3324000.0,3638000.0,3754000.0,4007000.0,3853000.0,3664000.0,3914000.0,3805000.0,3857000.0,4155000.0,4281000.0,4203000.0,4715000.0,5213000.0,6000000.0,6101000.0,6173000.0,5553000.0,5701000.0,5954000.0,6088000.0,6330000.0,6495000.0,6523000.0,6637000.0,6719000.0,6911000.0,6744000.0,7168000.0,7316000.0,7907000.0,8114000.0,8221000,8271000
DZA,7488000.0,7235000.0,6861000.0,7255000.0,7509000.0,7536000.0,7986000.0,8839000.0,9003000.0,9355000.0,9891000.0,10711000.0,11085000.0,12418000.0,14042000.0,14248000.0,15162000.0,16214000.0,17745000.0,19205000.0,20226000.0,21194000.0,22270000.0,23567000.0,26936000.0,27959000.0,28690000.0,28827000.0,32231000.0,30190000.0,31606000.0,32906000.0,34480000.0,33537000.0,34190000.0,33622000.0,33640000.0,36214000.0,37704000.0,37761000.0,39975000.0,42697000.0,45352000.0,48619000.0,49562000.0,51067000.0,49933000.0,50916000.0,57505000.0,60071000.0,65852000.0,69365000,72161000
AGO,4834000.0,4775000.0,5240000.0,5286000.0,5527000.0,5677000.0,5833000.0,5685000.0,6219000.0,6460000.0,6603000.0,6499000.0,6639000.0,6526000.0,6211000.0,6413000.0,6645000.0,6923000.0,6844000.0,6906000.0,7239000.0,7023000.0,7133000.0,7383000.0,8065000.0,7596000.0,7794000.0,7840000.0,8070000.0,8163000.0,8040000.0,8551000.0,8408000.0,9547000.0,10012000.0,10394000.0,10476000.0,11804000.0,11984000.0,14527000.0,17251000.0,20245000.0,21651000.0,25541000.0,26696000.0,28247000.0,29877000.0,32053000.0,36985000.0,38400000.0,40573000.0,38064000,48639000
ATG,92000.0,94000.0,105000.0,95000.0,84000.0,73000.0,64000.0,59000.0,68000.0,77000.0,85000.0,57000.0,58000.0,56000.0,59000.0,55000.0,53000.0,57000.0,61000.0,76000.0,77000.0,73000.0,72000.0,80000.0,77000.0,77000.0,77000.0,81000.0,81000.0,78000.0,77000.0,85000.0,86000.0,85000.0,81000.0,81000.0,83000.0,83000.0,90000.0,93000.0,89000.0,90000.0,89000.0,92000.0,115000.0,110000.0,122000.0,115000.0,114000.0,115000.0,118000.0,113000,119000
ARG,43402000.0,40784000.0,40219000.0,41638000.0,44936000.0,46738000.0,47437000.0,50357000.0,52029000.0,54203000.0,55052000.0,53140000.0,55081000.0,59138000.0,59427000.0,57433000.0,57760000.0,58279000.0,58742000.0,57391000.0,58638000.0,58745000.0,58657000.0,60027000.0,62227000.0,59853000.0,63582000.0,61832000.0,59495000.0,57052000.0,59530000.0,65111000.0,70104000.0,72069000.0,70464000.0,68941000.0,72803000.0,74857000.0,75150000.0,74711000.0,74099000.0,66353000.0,66563000.0,64558000.0,72316000.0,72146000.0,74148000.0,75939000.0,68422000.0,73042000.0,78764000.0,75946000,80843000
ARM,0.0,0.0,0.0,0.0,0.0,0.0,0.0,0.0,0.0,0.0,0.0,0.0,0.0,0.0,0.0,0.0,0.0,0.0,0.0,0.0,0.0,0.0,0.0,0.0,0.0,0.0,0.0,0.0,0.0,0.0,0.0,4564000.0,4108000.0,4418000.0,4661000.0,4592000.0,4260000.0,4418000.0,4465000.0,4166000.0,4242000.0,4361000.0,4734000.0,5515000.0,5992000.0,6228000.0,6753000.0,6958000.0,6824000.0,5908000.0,6423000.0,6978000,7175000
AUS,25795000.0,27618000.0,28902000.0,29107000.0,28961000.0,30558000.0,30443000.0,31344000.0,32747000.0,33843000.0,34274000.0,32756000.0,32781000.0,31476000.0,32954000.0,32040000.0,31096000.0,33079000.0,33192000.0,32305000.0,33568000.0,33794000.0,35582000.0,36727000.0,36111000.0,37121000.0,38419000.0,41032000.0,42328000.0,43301000.0,41317000.0,45714000.0,44571000.0,42648000.0,50226000.0,50356000.0,50794000.0,50851000.0,51908000.0,51898000.0,54595000.0,53922000.0,59665000.0,58006000.0,63711000.0,62564000.0,62637000.0,64438000.0,59813000.0,64926000.0,61871000.0,61955000,62446000
AUT,22542000.0,22627000.0,23637000.0,24099000.0,22664000.0,23785000.0,23949000.0,25094000.0,24044000.0,24139000.0,24395000.0,23391000.0,23714000.0,23715000.0,23197000.0,24302000.0,23152000.0,24039000.0,24234000.0,24462000.0,24043000.0,24866000.0,23970000.0,24921000.0,24683000.0,24839000.0,24267000.0,24530000.0,24396000.0,24721000.0,24461000.0,24427000.0,24317000.0,24389000.0,23295000.0,22987000.0,24459000.0,23958000.0,23080000.0,23298000.0,23707000.0,23230000.0,23479000.0,24465000.0,24466000.0,24030000.0,24431000.0,25267000.0,24731000.0,24518000.0,25444000.0,24071000,24990000
AZE,138000.0,142000.0,152000.0,167000.0,173000.0,195000.0,204000.0,221000.0,239000.0,248000.0,254000.0,253000.0,256000.0,247000.0,245000.0,247000.0,234000.0,243000.0,254000.0,289000.0,276000.0,333000.0,326000.0,338000.0,354000.0,365000.0,385000.0,391000.0,392000.0,387000.0,363000.0,8985000.0,8591000.0,8466000.0,8581000.0,9014000.0,8285000.0,8860000.0,9873000.0,10628000.0,11937000.0,12622000.0,13496000.0,14083000.0,15525000.0,16279000.0,17273000.0,17505000.0,18151000.0,18258000.0,18904000.0,19833000,20791000
BGD,29451000.0,29975000.0,31446000.0,32434000.0,33108000.0,34189000.0,34370000.0,36969000.0,38603000.0,40217000.0,38544000.0,36195000.0,38485000.0,39672000.0,38922000.0,41785000.0,39327000.0,43448000.0,44959000.0,44764000.0,45160000.0,46818000.0,48557000.0,49463000.0,51755000.0,52415000.0,54661000.0,55554000.0,56367000.0,58314000.0,59663000.0,60852000.0,59794000.0,60974000.0,63264000.0,65004000.0,67341000.0,69141000.0,77307000.0,78691000.0,82254000.0,84139000.0,87536000.0,91553000.0,95922000.0,98551000.0,102689000.0,107443000.0,108517000.0,115357000.0,116208000.0,117387000,120854000
BRB,244000.0,252000.0,264000.0,254000.0,253000.0,262000.0,283000.0,272000.0,285000.0,300000.0,331000.0,322000.0,332000.0,343000.0,320000.0,336000.0,345000.0,387000.0,358000.0,394000.0,381000.0,382000.0,409000.0,406000.0,400000.0,423000.0,436000.0,440000.0,436000.0,430000.0,451000.0,409000.0,389000.0,422000.0,417000.0,421000.0,446000.0,408000.0,453000.0,404000.0,423000.0,415000.0,432000.0,417000.0,464000.0,461000.0,487000.0,497000.0,483000.0,483000.0,467000.0,461000,469000
BLR,0.0,0.0,0.0,0.0,0.0,0.0,0.0,0.0,0.0,0.0,0.0,0.0,0.0,0.0,0.0,0.0,0.0,0.0,0.0,0.0,0.0,0.0,0.0,0.0,0.0,0.0,0.0,0.0,0.0,0.0,0.0,44161000.0,46832000.0,44791000.0,42195000.0,43235000.0,39270000.0,37481000.0,34233000.0,37535000.0,37858000.0,37582000.0,38976000.0,44093000.0,43002000.0,42217000.0,44649000.0,47961000.0,44981000.0,42860000.0,42515000.0,42527000,37852000
BEL,0.0,0.0,0.0,0.0,0.0,0.0,0.0,0.0,0.0,0.0,0.0,0.0,0.0,0.0,0.0,0.0,0.0,0.0,0.0,0.0,0.0,0.0,0.0,0.0,0.0,0.0,0.0,0.0,0.0,0.0,0.0,0.0,0.0,0.0,0.0,0.0,0.0,0.0,0.0,35680000.0,35763000.0,36506000.0,36217000.0,35273000.0,32353000.0,32234000.0,35016000.0,34902000.0,34964000.0,32708000.0,32196000.0,31326000,33336000
BLZ,91000.0,106000.0,103000.0,104000.0,104000.0,104000.0,112000.0,114000.0,109000.0,136000.0,147000.0,151000.0,161000.0,158000.0,172000.0,173000.0,173000.0,185000.0,181000.0,219000.0,242000.0,239000.0,191000.0,216000.0,225000.0,221000.0,270000.0,266000.0,266000.0,293000.0,311000.0,348000.0,353000.0,321000.0,345000.0,353000.0,357000.0,374000.0,407000.0,421000.0,501000.0,486000.0,509000.0,442000.0,460000.0,465000.0,501000.0,501000.0,507000.0,527000.0,511000.0,533000,552000
BEN,2270000.0,2247000.0,2209000.0,2287000.0,2484000.0,2554000.0,2618000.0,2847000.0,2774000.0,2831000.0,3006000.0,3038000.0,3055000.0,2841000.0,2797000.0,3308000.0,3223000.0,3585000.0,3841000.0,3559000.0,3555000.0,3614000.0,3534000.0,4197000.0,4190000.0,4552000.0,4184000.0,4881000.0,5389000.0,5461000.0,5885000.0,5984000.0,6269000.0,6638000.0,6817000.0,7419000.0,7778000.0,7947000.0,8359000.0,8743000.0,9023000.0,9444000.0,10677000.0,11581000.0,11512000.0,11678000.0,12167000.0,12799000.0,13432000.0,14064000.0,15078000.0,15452000,16481000
BMU,67000.0,68000.0,70000.0,72000.0,73000.0,73000.0,76000.0,79000.0,74000.0,85000.0,86000.0,93000.0,92000.0,93000.0,90000.0,94000.0,86000.0,88000.0,94000.0,96000.0,96000.0,97000.0,102000.0,101000.0,103000.0,102000.0,106000.0,109000.0,105000.0,102000.0,102000.0,113000.0,111000.0,115000.0,121000.0,115000.0,109000.0,104000.0,98000.0,97000.0,95000.0,88000.0,84000.0,86000.0,91000.0,93000.0,92000.0,93000.0,92000.0,85000.0,85000.0,86000,106000
BOL,3494000.0,3613000.0,3848000.0,3764000.0,4083000.0,4182000.0,4387000.0,4656000.0,4644000.0,4960000.0,5247000.0,5285000.0,5294000.0,5704000.0,6110000.0,6266000.0,6024000.0,6056000.0,6141000.0,6502000.0,6598000.0,6524000.0,5424000.0,6467000.0,7257000.0,7436000.0,7724000.0,7665000.0,7669000.0,7352000.0,7907000.0,7637000.0,8116000.0,7884000.0,8496000.0,8718000.0,9007000.0,8905000.0,9897000.0,9926000.0,9978000.0,10453000.0,10270000.0,10005000.0,10667000.0,10760000.0,11077000.0,11607000.0,11465000.0,11864000.0,12136000.0,12342000,13515000
BIH,0.0,0.0,0.0,0.0,0.0,0.0,0.0,0.0,0.0,0.0,0.0,0.0,0.0,0.0,0.0,0.0,0.0,0.0,0.0,0.0,0.0,0.0,0.0,0.0,0.0,0.0,0.0,0.0,0.0,0.0,0.0,5319000.0,5203000.0,5038000.0,5061000.0,5262000.0,6381000.0,6740000.0,6609000.0,6347000.0,6900000.0,6713000.0,6937000.0,8741000.0,8817000.0,8463000.0,8412000.0,8805000.0,8868000.0,8170000.0,8377000.0,7939000,8456000
BWA,475000.0,477000.0,510000.0,524000.0,545000.0,548000.0,566000.0,584000.0,600000.0,637000.0,669000.0,711000.0,697000.0,650000.0,703000.0,722000.0,764000.0,744000.0,864000.0,853000.0,876000.0,913000.0,958000.0,1131000.0,1139000.0,1128000.0,1142000.0,1194000.0,1307000.0,1409000.0,1483000.0,1579000.0,1494000.0,1541000.0,1588000.0,1655000.0,1681000.0,1671000.0,1863000.0,1962000.0,1989000.0,2030000.0,1780000.0,1848000.0,1836000.0,1881000.0,2021000.0,2107000.0,1948000.0,2012000.0,2059000.0,2212000,2272000
BRA,126501000.0,142536000.0,152178000.0,154698000.0,152060000.0,165022000.0,164557000.0,188016000.0,182424000.0,174144000.0,175109000.0,176177000.0,172396000.0,180358000.0,194890000.0,194142000.0,188157000.0,198661000.0,209478000.0,217920000.0,212337000.0,213009000.0,196580000.0,200957000.0,230484000.0,231731000.0,245937000.0,247874000.0,262938000.0,256259000.0,268171000.0,277632000.0,269658000.0,285793000.0,310646000.0,296138000.0,304748000.0,301059000.0,311399000.0,332274000.0,322017000.0,333042000.0,335122000.0,353635000.0,357158000.0,376499000.0,384071000.0,423546000.0,410338000.0,429110000.0,449439000.0,439247000,439967000
BRN,62000.0,65000.0,78000.0,80000.0,81000.0,95000.0,97000.0,99000.0,110000.0,112000.0,125000.0,127000.0,124000.0,134000.0,147000.0,156000.0,155000.0,184000.0,190000.0,220000.0,230000.0,239000.0,254000.0,267000.0,279000.0,272000.0,282000.0,303000.0,315000.0,306000.0,299000.0,322000.0,322000.0,378000.0,369000.0,403000.0,404000.0,418000.0,382000.0,399000.0,446000.0,451000.0,472000.0,482000.0,497000.0,478000.0,484000.0,501000.0,499000.0,513000.0,485000.0,512000,547000
BGR,15979000.0,15990000.0,17748000.0,18812000.0,18178000.0,20501000.0,19766000.0,20146000.0,20984000.0,21607000.0,22153000.0,22426000.0,22431000.0,23786000.0,24591000.0,25600000.0,25305000.0,25866000.0,26782000.0,26075000.0,27275000.0,28359000.0,27758000.0,28338000.0,27001000.0,28536000.0,28494000.0,29626000.0,29593000.0,26073000.0,27231000.0,21809000.0,19150000.0,19537000.0,19805000.0,17748000.0,18398000.0,19113000.0,18766000.0,16572000.0,16781000.0,17109000.0,15318000.0,17512000.0,15388000.0,14713000.0,13637000.0,13079000.0,13281000.0,13463000.0,13007000.0,11841000,12335000
BFA,3368000.0,3435000.0,3943000.0,3950000.0,4040000.0,4159000.0,4443000.0,4575000.0,4495000.0,4553000.0,4538000.0,4269000.0,4333000.0,4501000.0,4973000.0,5330000.0,4736000.0,5509000.0,5751000.0,5681000.0,5384000.0,5985000.0,5781000.0,5843000.0,6169000.0,7568000.0,8299000.0,7946000.0,8539000.0,8706000.0,8981000.0,10197000.0,10606000.0,10644000.0,10851000.0,11361000.0,11278000.0,11128000.0,11844000.0,11115000.0,12435000.0,12737000.0,13609000.0,14160000.0,14599000.0,15021000.0,15271000.0,15718000.0,16567000.0,17374000.0,17582000.0,18343000,18980000
CPV,141000.0,139000.0,137000.0,147000.0,155000.0,149000.0,162000.0,156000.0,182000.0,168000.0,175000.0,168000.0,183000.0,192000.0,204000.0,203000.0,233000.0,295000.0,254000.0,276000.0,305000.0,248000.0,308000.0,316000.0,281000.0,324000.0,371000.0,370000.0,366000.0,383000.0,361000.0,442000.0,412000.0,420000.0,423000.0,424000.0,434000.0,443000.0,465000.0,522000.0,547000.0,562000.0,590000.0,642000.0,637000.0,663000.0,686000.0,680000.0,654000.0,660000.0,695000.0,713000,721000
KHM,3736000.0,3712000.0,4025000.0,4139000.0,4175000.0,4236000.0,4573000.0,4584000.0,4592000.0,5069000.0,4692000.0,4659000.0,4563000.0,4489000.0,3981000.0,3826000.0,3766000.0,3528000.0,3590000.0,3573000.0,3911000.0,4040000.0,4323000.0,4276000.0,4350000.0,4558000.0,4862000.0,5449000.0,5162000.0,5553000.0,5787000.0,6119000.0,6124000.0,6410000.0,6603000.0,6421000.0,6546000.0,6917000.0,7602000.0,8019000.0,8324000.0,8607000.0,8940000.0,9055000.0,9856000.0,10507000.0,10750000.0,10976000.0,11713000.0,11848000.0,12487000.0,13096000,13635000
CMR,5975000.0,6172000.0,6635000.0,6745000.0,6351000.0,6902000.0,7258000.0,7586000.0,7382000.0,7789000.0,8005000.0,8510000.0,8820000.0,9677000.0,9846000.0,9687000.0,10038000.0,10269000.0,10566000.0,10845000.0,11142000.0,11573000.0,11710000.0,12642000.0,13414000.0,14445000.0,13342000.0,12898000.0,13394000.0,14256000.0,14511000.0,15149000.0,15471000.0,15782000.0,16451000.0,16394000.0,17104000.0,17653000.0,18434000.0,18868000.0,19437000.0,20181000.0,20665000.0,21529000.0,23527000.0,24909000.0,25920000.0,27218000.0,29466000.0,30516000.0,32104000.0,33410000,34852000
CAN,54470000.0,60336000.0,62513000.0,61426000.0,64372000.0,68399000.0,67067000.0,68366000.0,77068000.0,77392000.0,79580000.0,73189000.0,77129000.0,77036000.0,78784000.0,76997000.0,80988000.0,79495000.0,82710000.0,81444000.0,84879000.0,83535000.0,84222000.0,80877000.0,88905000.0,89033000.0,92949000.0,88128000.0,92187000.0,92060000.0,88979000.0,90299000.0,103008000.0,102442000.0,103352000.0,106804000.0,106872000.0,113285000.0,113203000.0,112246000.0,110694000.0,111161000.0,117728000.0,113953000.0,115265000.0,110961000.0,116895000.0,114244000.0,106887000.0,104080000.0,105925000.0,109007000,120167000
CAF,2152000.0,2056000.0,2057000.0,2043000.0,2340000.0,2052000.0,2179000.0,2255000.0,2354000.0,2480000.0,2607000.0,2681000.0,2843000.0,2873000.0,2738000.0,2819000.0,2945000.0,3001000.0,3042000.0,3045000.0,3068000.0,3004000.0,2880000.0,2720000.0,2642000.0,2718000.0,2626000.0,2665000.0,2698000.0,2851000.0,2998000.0,3044000.0,3107000.0,3075000.0,3157000.0,3314000.0,3466000.0,3667000.0,3502000.0,3687000.0,3716000.0,3698000.0,3637000.0,3764000.0,3879000.0,3934000.0,4085000.0,4232000.0,4340000.0,4529000.0,4671000.0,4754000,4187000
TCD,2245000.0,2391000.0,2438000.0,2471000.0,2486000.0,2548000.0,2600000.0,2641000.0,2656000.0,2645000.0,2634000.0,2569000.0,2483000.0,2481000.0,2538000.0,2553000.0,2623000.0,2679000.0,2747000.0,2784000.0,2865000.0,3023000.0,3142000.0,3023000.0,3595000.0,3268000.0,3300000.0,3733000.0,3560000.0,3731000.0,3972000.0,3949000.0,3719000.0,4406000.0,4210000.0,4376000.0,4620000.0,5062000.0,5150000.0,5045000.0,5496000.0,5569000.0,5990000.0,6134000.0,6372000.0,6664000.0,6860000.0,6838000.0,7159000.0,7539000.0,7696000.0,8284000,8401000
CHL,10949000.0,11077000.0,11882000.0,12013000.0,12356000.0,13344000.0,13477000.0,13884000.0,13593000.0,14237000.0,14431000.0,14824000.0,14087000.0,16044000.0,14428000.0,14469000.0,14839000.0,16012000.0,16925000.0,17471000.0,18474000.0,17881000.0,17095000.0,17920000.0,17197000.0,17220000.0,17528000.0,18880000.0,19515000.0,19195000.0,21248000.0,22357000.0,23863000.0,26014000.0,25149000.0,26090000.0,25401000.0,25268000.0,27435000.0,27120000.0,26220000.0,29113000.0,27937000.0,30199000.0,31052000.0,32588000.0,30365000.0,31453000.0,30122000.0,31493000.0,33484000.0,33448000,32900000
CHN,494539000.0,517009000.0,518156000.0,525537000.0,585295000.0,633563000.0,639865000.0,639688000.0,658119000.0,700884000.0,711754000.0,703320000.0,794526000.0,800209000.0,817273000.0,805254000.0,849607000.0,927607000.0,927489000.0,948698000.0,948092000.0,1015380000.0,1097579000.0,1139786000.0,1127518000.0,1170630000.0,1230509000.0,1253109000.0,1277157000.0,1322509000.0,1348449000.0,1431145000.0,1576327000.0,1659698000.0,1774433000.0,1871881000.0,1907344000.0,1969470000.0,2062374000.0,2217531000.0,2273266000.0,2353782000.0,2367904000.0,2427618000.0,2484447000.0,2492916000.0,2580738000.0,2703717000.0,2796756000.0,2918540000.0,3047567000.0,3162375000,3244375000
COL,17780000.0,18944000.0,18646000.0,19607000.0,20057000.0,20148000.0,20959000.0,21300000.0,22093000.0,23425000.0,25621000.0,26176000.0,27109000.0,27678000.0,29105000.0,31032000.0,31964000.0,33379000.0,33739000.0,35272000.0,36371000.0,35614000.0,36851000.0,37218000.0,36773000.0,38154000.0,39254000.0,40923000.0,42577000.0,44523000.0,43900000.0,45620000.0,48731000.0,50738000.0,53362000.0,54142000.0,55260000.0,53767000.0,56375000.0,58119000.0,59575000.0,60160000.0,62890000.0,62906000.0,63577000.0,68518000.0,70596000.0,72336000.0,69900000.0,69924000.0,69965000.0,74542000,76844000
COD,1373000.0,1377000.0,1383000.0,1462000.0,1459000.0,1450000.0,1456000.0,1481000.0,1469000.0,1494000.0,1546000.0,1632000.0,1651000.0,1631000.0,1775000.0,1798000.0,1837000.0,1939000.0,1986000.0,2117000.0,2169000.0,2270000.0,2287000.0,2347000.0,2456000.0,2502000.0,2585000.0,2639000.0,2615000.0,2680000.0,2605000.0,2631000.0,2816000.0,2803000.0,2924000.0,3056000.0,3100000.0,3280000.0,3275000.0,3503000.0,3573000.0,3671000.0,3795000.0,4053000.0,3714000.0,4055000.0,4054000.0,4230000.0,4528000.0,4664000.0,4914000.0,4902000,5200000
CRI,1247000.0,1309000.0,1364000.0,1454000.0,1532000.0,1581000.0,1627000.0,1733000.0,1798000.0,1909000.0,2055000.0,2045000.0,2094000.0,2195000.0,2304000.0,2456000.0,2527000.0,2655000.0,2762000.0,2836000.0,2905000.0,2692000.0,2954000.0,3056000.0,3264000.0,3366000.0,3447000.0,3725000.0,4352000.0,4583000.0,4441000.0,4650000.0,4760000.0,5269000.0,5022000.0,5405000.0,5707000.0,5935000.0,6302000.0,6408000.0,6722000.0,6715000.0,6506000.0,6096000.0,6574000.0,7204000.0,7116000.0,7094000.0,7138000.0,7390000.0,7839000.0,8057000,8267000
CIV,4891000.0,5315000.0,5469000.0,5749000.0,5999000.0,6176000.0,6373000.0,6664000.0,6963000.0,7200000.0,7436000.0,7585000.0,8055000.0,8623000.0,10174000.0,10508000.0,10609000.0,11260000.0,12248000.0,12595000.0,13096000.0,13358000.0,13027000.0,14159000.0,14243000.0,14619000.0,14906000.0,15432000.0,15476000.0,15982000.0,16612000.0,17317000.0,17393000.0,17885000.0,18520000.0,19223000.0,21031000.0,21524000.0,21862000.0,21806000.0,21885000.0,22802000.0,23012000.0,23765000.0,24703000.0,25278000.0,25403000.0,26223000.0,25789000.0,26451000.0,27135000.0,27862000,28163000
HRV,0.0,0.0,0.0,0.0,0.0,0.0,0.0,0.0,0.0,0.0,0.0,0.0,0.0,0.0,0.0,0.0,0.0,0.0,0.0,0.0,0.0,0.0,0.0,0.0,0.0,0.0,0.0,0.0,0.0,0.0,0.0,9525000.0,9972000.0,10754000.0,11546000.0,11790000.0,11910000.0,12197000.0,12078000.0,11489000.0,13187000.0,13277000.0,12438000.0,12886000.0,12187000.0,11916000.0,11476000.0,13085000.0,11937000.0,11475000.0,11247000.0,10234000,11467000
CUB,9750000.0,7302000.0,8010000.0,8429000.0,8451000.0,10458000.0,9933000.0,16488000.0,16360000.0,17221000.0,17843000.0,18197000.0,17361000.0,19615000.0,16290000.0,16609000.0,22042000.0,14325000.0,22771000.0,19947000.0,17167000.0,21160000.0,17440000.0,22604000.0,17508000.0,16557000.0,24178000.0,27673000.0,30511000.0,29526000.0,30034000.0,26246000.0,19665000.0,20622000.0,18180000.0,16558000.0,18291000.0,16865000.0,20634000.0,23288000.0,24224000.0,26755000.0,29102000.0,29513000.0,25471000.0,22423000.0,25819000.0,29321000.0,29726000.0,22350000.0,30874000.0,26205000,26974000
CYP,815000.0,812000.0,819000.0,908000.0,1017000.0,1073000.0,1146000.0,1253000.0,1384000.0,1393000.0,1478000.0,1464000.0,1468000.0,1337000.0,1267000.0,1274000.0,1298000.0,1361000.0,1426000.0,1566000.0,1773000.0,1824000.0,1883000.0,2009000.0,2077000.0,1944000.0,2057000.0,2081000.0,2228000.0,2320000.0,2303000.0,2532000.0,2702000.0,2598000.0,2794000.0,2729000.0,2696000.0,2735000.0,2779000.0,2411000.0,2569000.0,2504000.0,2337000.0,2385000.0,2141000.0,2234000.0,2226000.0,2474000.0,2337000.0,2438000.0,2382000.0,2186000,2243000
CZE,0.0,0.0,0.0,0.0,0.0,0.0,0.0,0.0,0.0,0.0,0.0,0.0,0.0,0.0,0.0,0.0,0.0,0.0,0.0,0.0,0.0,0.0,0.0,0.0,0.0,0.0,0.0,0.0,0.0,0.0,0.0,0.0,25372000.0,28519000.0,29661000.0,30701000.0,29272000.0,28697000.0,28563000.0,28075000.0,28125000.0,27970000.0,26401000.0,28448000.0,28060000.0,24261000.0,25583000.0,25978000.0,26598000.0,25118000.0,25227000.0,23546000,23978000
KOR,10326000.0,10561000.0,11197000.0,11667000.0,11382000.0,11817000.0,11620000.0,11830000.0,12841000.0,13008000.0,13894000.0,14295000.0,15410000.0,15789000.0,16953000.0,18100000.0,18384000.0,19293000.0,20101000.0,20177000.0,21169000.0,20636000.0,20881000.0,21931000.0,22721000.0,24104000.0,24504000.0,24974000.0,26549000.0,27845000.0,28326000.0,27120000.0,23970000.0,21860000.0,19982000.0,20297000.0,21091000.0,22118000.0,22758000.0,23702000.0,24157000.0,24404000.0,24830000.0,25418000.0,25309000.0,25153000.0,24680000.0,24512000.0,24692000.0,24640000.0,24251000.0,24148000,24480000
DNK,25000000.0,24714000.0,25979000.0,27658000.0,26452000.0,26512000.0,26297000.0,25611000.0,25857000.0,26764000.0,26198000.0,26170000.0,26248000.0,24002000.0,23804000.0,24277000.0,24092000.0,25105000.0,26131000.0,25833000.0,26082000.0,24087000.0,24417000.0,24000000.0,23904000.0,25730000.0,24156000.0,24103000.0,23807000.0,23218000.0,23248000.0,23610000.0,23199000.0,23628000.0,24633000.0,25524000.0,26599000.0,26624000.0,26560000.0,27055000.0,27308000.0,28295000.0,28681000.0,27889000.0,28266000.0,28703000.0,27657000.0,27209000.0,26677000.0,27263000.0,26527000.0,25719000,27260000
DJI,45000.0,49000.0,50000.0,51000.0,53000.0,63000.0,70000.0,73000.0,70000.0,90000.0,99000.0,100000.0,114000.0,119000.0,131000.0,141000.0,147000.0,155000.0,159000.0,193000.0,215000.0,235000.0,239000.0,245000.0,264000.0,276000.0,277000.0,301000.0,305000.0,340000.0,307000.0,317000.0,347000.0,334000.0,368000.0,361000.0,382000.0,399000.0,428000.0,453000.0,449000.0,506000.0,509000.0,491000.0,585000.0,609000.0,636000.0,630000.0,645000.0,658000.0,667000.0,702000,791000
DMA,82000.0,85000.0,91000.0,95000.0,89000.0,90000.0,90000.0,96000.0,97000.0,97000.0,100000.0,95000.0,99000.0,102000.0,107000.0,119000.0,125000.0,128000.0,128000.0,135000.0,138000.0,141000.0,128000.0,129000.0,134000.0,145000.0,159000.0,177000.0,170000.0,159000.0,147000.0,151000.0,147000.0,140000.0,150000.0,163000.0,173000.0,173000.0,172000.0,173000.0,171000.0,162000.0,168000.0,165000.0,158000.0,168000.0,182000.0,178000.0,184000.0,180000.0,178000.0,180000,179000
DOM,3491000.0,3815000.0,3928000.0,4183000.0,4088000.0,4429000.0,4291000.0,4566000.0,4911000.0,5023000.0,5240000.0,5342000.0,5622000.0,5706000.0,5692000.0,6000000.0,6354000.0,6364000.0,6394000.0,6983000.0,6953000.0,6858000.0,7257000.0,7358000.0,7597000.0,7741000.0,8252000.0,8284000.0,8569000.0,7398000.0,8115000.0,8396000.0,8979000.0,8948000.0,9194000.0,9322000.0,9802000.0,9740000.0,10245000.0,10727000.0,11479000.0,12159000.0,11914000.0,11394000.0,12471000.0,13203000.0,13371000.0,12711000.0,13935000.0,15711000.0,15150000.0,16178000,16879000
ECU,10542000.0,10989000.0,11907000.0,12549000.0,13849000.0,14321000.0,13890000.0,14075000.0,13552000.0,13073000.0,12624000.0,11399000.0,11423000.0,12703000.0,13940000.0,12301000.0,15112000.0,14693000.0,13814000.0,14334000.0,14392000.0,14381000.0,13232000.0,13281000.0,13822000.0,13367000.0,13337000.0,14796000.0,14550000.0,14402000.0,15523000.0,17073000.0,17196000.0,18773000.0,16834000.0,17586000.0,20231000.0,17359000.0,17495000.0,16474000.0,16056000.0,15927000.0,15912000.0,16683000.0,16805000.0,16688000.0,16812000.0,17798000.0,18826000.0,20575000.0,20478000.0,20349000,19550000
EGY,26966000.0,28641000.0,29982000.0,31380000.0,32860000.0,35306000.0,34465000.0,36914000.0,38419000.0,38411000.0,39112000.0,40595000.0,41749000.0,43859000.0,46477000.0,48186000.0,48603000.0,51991000.0,55607000.0,57689000.0,60676000.0,63459000.0,65557000.0,67686000.0,70956000.0,74563000.0,78036000.0,77820000.0,78048000.0,81984000.0,82462000.0,85283000.0,86693000.0,89896000.0,94167000.0,100031000.0,105482000.0,108330000.0,115424000.0,120830000.0,121133000.0,124387000.0,127283000.0,127625000.0,135730000.0,140851000.0,148608000.0,152220000.0,156168000.0,157250000.0,158058000.0,164469000,162084000
SLV,2012000.0,2037000.0,2077000.0,2255000.0,2189000.0,2276000.0,2332000.0,2413000.0,2740000.0,2857000.0,2966000.0,3000000.0,3252000.0,3441000.0,3730000.0,3908000.0,3984000.0,4280000.0,4313000.0,4737000.0,4362000.0,4259000.0,4340000.0,4466000.0,4562000.0,4493000.0,4524000.0,4695000.0,4806000.0,4870000.0,5220000.0,5757000.0,5693000.0,5700000.0,5999000.0,5674000.0,5787000.0,5589000.0,5948000.0,6853000.0,7181000.0,7527000.0,7431000.0,7568000.0,8095000.0,8544000.0,8603000.0,8839000.0,8642000.0,8038000.0,8386000.0,8567000,8355000
EST,0.0,0.0,0.0,0.0,0.0,0.0,0.0,0.0,0.0,0.0,0.0,0.0,0.0,0.0,0.0,0.0,0.0,0.0,0.0,0.0,0.0,0.0,0.0,0.0,0.0,0.0,0.0,0.0,0.0,0.0,0.0,4771000.0,4294000.0,3646000.0,3675000.0,3690000.0,3864000.0,3800000.0,3876000.0,4388000.0,4326000.0,3800000.0,3530000.0,3522000.0,3793000.0,3469000.0,4006000.0,3765000.0,3780000.0,3514000.0,3633000.0,3781000,3864000
ETH,0.0,0.0,0.0,0.0,0.0,0.0,0.0,0.0,0.0,0.0,0.0,0.0,0.0,0.0,0.0,0.0,0.0,0.0,0.0,0.0,0.0,0.0,0.0,0.0,0.0,0.0,0.0,0.0,0.0,0.0,0.0,0.0,25021000.0,26278000.0,27687000.0,29838000.0,31331000.0,32076000.0,33862000.0,35644000.0,37626000.0,41303000.0,43520000.0,44863000.0,47229000.0,48745000.0,50157000.0,52318000.0,54782000.0,59635000.0,60080000.0,66174000,68096000
FJI,533000.0,553000.0,579000.0,614000.0,637000.0,616000.0,614000.0,640000.0,663000.0,631000.0,663000.0,620000.0,608000.0,567000.0,602000.0,583000.0,617000.0,651000.0,700000.0,704000.0,671000.0,724000.0,749000.0,800000.0,859000.0,833000.0,802000.0,783000.0,808000.0,870000.0,842000.0,854000.0,912000.0,918000.0,946000.0,1001000.0,1021000.0,983000.0,1004000.0,1012000.0,1041000.0,1068000.0,1077000.0,1118000.0,1125000.0,1133000.0,1134000.0,1168000.0,1133000.0,1159000.0,1240000.0,1311000,1246000
FIN,14257000.0,13392000.0,14311000.0,13612000.0,14669000.0,14575000.0,14668000.0,15125000.0,15061000.0,15055000.0,14532000.0,14518000.0,14652000.0,14390000.0,14868000.0,15701000.0,14636000.0,15267000.0,15085000.0,16139000.0,16297000.0,15893000.0,15380000.0,15268000.0,14983000.0,14875000.0,13810000.0,14456000.0,14969000.0,14901000.0,13797000.0,13703000.0,13207000.0,13711000.0,13951000.0,14118000.0,14409000.0,14548000.0,14364000.0,14508000.0,14906000.0,14810000.0,15281000.0,15085000.0,15111000.0,14580000.0,15526000.0,15567000.0,15633000.0,15254000.0,15835000.0,16137000,16183000
FRA,138385000.0,144629000.0,148715000.0,148058000.0,149521000.0,150033000.0,154228000.0,152189000.0,152679000.0,149263000.0,150042000.0,153887000.0,155387000.0,154211000.0,156658000.0,155198000.0,157720000.0,168337000.0,167647000.0,166305000.0,166961000.0,172657000.0,166725000.0,169075000.0,174988000.0,171411000.0,174622000.0,174433000.0,172111000.0,171107000.0,176966000.0,170332000.0,176487000.0,173802000.0,171303000.0,172085000.0,172722000.0,175638000.0,176283000.0,178239000.0,182113000.0,183302000.0,171211000.0,181238000.0,177327000.0,172824000.0,172974000.0,177453000.0,172872000.0,167332000.0,169166000.0,164096000,166079000
PYF,97000.0,101000.0,100000.0,113000.0,128000.0,153000.0,154000.0,166000.0,154000.0,172000.0,164000.0,167000.0,175000.0,188000.0,185000.0,190000.0,190000.0,193000.0,213000.0,209000.0,225000.0,229000.0,228000.0,250000.0,251000.0,263000.0,259000.0,269000.0,269000.0,287000.0,292000.0,300000.0,305000.0,312000.0,322000.0,324000.0,323000.0,331000.0,329000.0,349000.0,352000.0,364000.0,376000.0,372000.0,391000.0,387000.0,409000.0,404000.0,396000.0,398000.0,396000.0,416000,412000
GAB,687000.0,691000.0,687000.0,701000.0,710000.0,719000.0,749000.0,765000.0,764000.0,782000.0,819000.0,821000.0,871000.0,914000.0,945000.0,970000.0,1002000.0,1060000.0,1064000.0,1123000.0,1136000.0,1211000.0,1277000.0,1330000.0,1404000.0,1396000.0,1406000.0,1481000.0,1415000.0,1408000.0,1559000.0,1555000.0,1609000.0,1576000.0,1853000.0,1927000.0,1965000.0,2048000.0,2072000.0,2255000.0,2211000.0,2157000.0,2195000.0,2274000.0,2356000.0,2427000.0,2492000.0,2503000.0,2663000.0,2758000.0,2821000.0,2933000,3037000
GMB,235000.0,243000.0,250000.0,247000.0,261000.0,261000.0,265000.0,280000.0,284000.0,289000.0,307000.0,292000.0,302000.0,293000.0,267000.0,268000.0,273000.0,298000.0,308000.0,340000.0,372000.0,379000.0,423000.0,427000.0,511000.0,577000.0,582000.0,593000.0,609000.0,651000.0,692000.0,712000.0,721000.0,685000.0,705000.0,758000.0,789000.0,793000.0,944000.0,951000.0,938000.0,1003000.0,1004000.0,1067000.0,1079000.0,1095000.0,1210000.0,1281000.0,1322000.0,1438000.0,1448000.0,1468000,1438000
GEO,0.0,0.0,0.0,0.0,0.0,0.0,0.0,0.0,0.0,0.0,0.0,0.0,0.0,0.0,0.0,0.0,0.0,0.0,0.0,0.0,0.0,0.0,0.0,0.0,0.0,0.0,0.0,0.0,0.0,0.0,0.0,6315000.0,5773000.0,5975000.0,6782000.0,7025000.0,7271000.0,6943000.0,7095000.0,6494000.0,6626000.0,6893000.0,7363000.0,7089000.0,7449000.0,6175000.0,6482000.0,6510000.0,5881000.0,5721000.0,6138000.0,6012000,6538000
DEU,212839000.0,227999000.0,231823000.0,235210000.0,237710000.0,243387000.0,245982000.0,251853000.0,250111000.0,248459000.0,248245000.0,251301000.0,251675000.0,246416000.0,246264000.0,244250000.0,246085000.0,252256000.0,254707000.0,252512000.0,247250000.0,253859000.0,248158000.0,259239000.0,261098000.0,261008000.0,253840000.0,250380000.0,247612000.0,232351000.0,211866000.0,211566000.0,205382000.0,206518000.0,207780000.0,211402000.0,205932000.0,209584000.0,206727000.0,217063000.0,213744000.0,219432000.0,209830000.0,215978000.0,217398000.0,217313000.0,215849000.0,221273000.0,222413000.0,210659000.0,214165000.0,215798000,218891000
GHA,8433000.0,8407000.0,8535000.0,8806000.0,9072000.0,9744000.0,10394000.0,10274000.0,10721000.0,11485000.0,11811000.0,11648000.0,12257000.0,13303000.0,12664000.0,11845000.0,10563000.0,10425000.0,10369000.0,10450000.0,10717000.0,10303000.0,10861000.0,13574000.0,13727000.0,14468000.0,15315000.0,16004000.0,16200000.0,14381000.0,20354000.0,20725000.0,22270000.0,23298000.0,25070000.0,27302000.0,28106000.0,28956000.0,30955000.0,31148000.0,32981000.0,35459000.0,36166000.0,36683000.0,37646000.0,38968000.0,40903000.0,44238000.0,46692000.0,49112000.0,51584000.0,52876000,54723000
GRC,13607000.0,13929000.0,14697000.0,15510000.0,15793000.0,17100000.0,17441000.0,17988000.0,18863000.0,19897000.0,20432000.0,20422000.0,22671000.0,24134000.0,24552000.0,22993000.0,23095000.0,24773000.0,24866000.0,26519000.0,28013000.0,27235000.0,27424000.0,28637000.0,28253000.0,27007000.0,27830000.0,29555000.0,29636000.0,28629000.0,29661000.0,30188000.0,30280000.0,31919000.0,31646000.0,32471000.0,32752000.0,33084000.0,34861000.0,35438000.0,35552000.0,35235000.0,36026000.0,37606000.0,35873000.0,35090000.0,36091000.0,35304000.0,34021000.0,31975000.0,33246000.0,32503000,32742000
GRD,76000.0,80000.0,83000.0,89000.0,92000.0,101000.0,97000.0,103000.0,102000.0,102000.0,102000.0,101000.0,101000.0,96000.0,98000.0,104000.0,105000.0,115000.0,114000.0,108000.0,105000.0,111000.0,100000.0,107000.0,110000.0,113000.0,128000.0,126000.0,124000.0,127000.0,124000.0,131000.0,135000.0,141000.0,139000.0,142000.0,138000.0,134000.0,142000.0,127000.0,134000.0,148000.0,154000.0,147000.0,153000.0,142000.0,143000.0,142000.0,134000.0,157000.0,151000.0,151000,150000
GTM,2701000.0,2831000.0,3032000.0,3263000.0,3285000.0,3383000.0,3535000.0,3667000.0,3840000.0,3984000.0,4016000.0,4125000.0,4411000.0,4564000.0,4768000.0,4667000.0,4900000.0,5154000.0,5158000.0,5236000.0,5927000.0,5939000.0,5799000.0,5693000.0,6117000.0,6617000.0,6930000.0,7127000.0,7659000.0,8049000.0,8023000.0,8293000.0,8521000.0,8888000.0,8874000.0,8918000.0,9107000.0,10003000.0,9942000.0,10042000.0,10678000.0,11613000.0,12152000.0,12234000.0,12723000.0,13975000.0,14722000.0,14487000.0,15167000.0,15572000.0,16171000.0,15352000,15415000
GIN,3477000.0,3545000.0,3358000.0,3606000.0,3512000.0,3623000.0,3765000.0,3828000.0,3844000.0,3969000.0,4104000.0,4030000.0,4224000.0,4246000.0,4324000.0,4462000.0,4534000.0,4592000.0,4639000.0,4626000.0,4729000.0,4721000.0,4791000.0,5092000.0,5184000.0,5350000.0,5507000.0,5822000.0,6070000.0,6270000.0,6587000.0,7042000.0,7312000.0,7798000.0,7901000.0,8110000.0,8313000.0,8129000.0,8529000.0,8615000.0,8799000.0,9171000.0,9655000.0,9988000.0,10358000.0,10515000.0,10870000.0,10997000.0,11370000.0,11702000.0,11828000.0,12442000,12718000
GNB,353000.0,352000.0,359000.0,369000.0,372000.0,381000.0,380000.0,376000.0,385000.0,382000.0,401000.0,397000.0,412000.0,410000.0,428000.0,457000.0,506000.0,513000.0,528000.0,548000.0,583000.0,598000.0,605000.0,617000.0,663000.0,674000.0,752000.0,765000.0,745000.0,767000.0,823000.0,849000.0,869000.0,862000.0,875000.0,868000.0,875000.0,884000.0,912000.0,964000.0,987000.0,1011000.0,992000.0,1037000.0,1098000.0,1101000.0,1106000.0,1147000.0,1125000.0,1217000.0,1228000.0,1268000,1230000
GUY,543000.0,562000.0,552000.0,608000.0,608000.0,629000.0,619000.0,629000.0,664000.0,660000.0,656000.0,664000.0,704000.0,653000.0,690000.0,714000.0,1163000.0,1126000.0,1301000.0,1542000.0,1550000.0,1438000.0,1463000.0,1166000.0,1292000.0,1370000.0,1460000.0,1745000.0,1447000.0,2111000.0,2126000.0,1375000.0,1382000.0,1444000.0,1496000.0,1275000.0,1401000.0,1655000.0,1223000.0,1248000.0,1390000.0,1641000.0,1680000.0,1674000.0,1575000.0,1551000.0,1528000.0,1512000.0,1628000.0,1688000.0,1633000.0,1649000,1683000
HTI,4732000.0,4816000.0,4888000.0,5064000.0,4957000.0,4982000.0,5124000.0,5025000.0,5181000.0,5308000.0,5438000.0,5472000.0,5576000.0,5642000.0,5710000.0,5803000.0,6085000.0,6160000.0,6082000.0,6481000.0,6627000.0,6725000.0,6346000.0,6293000.0,6399000.0,6315000.0,6401000.0,6149000.0,6111000.0,6135000.0,6055000.0,5952000.0,5767000.0,5990000.0,6110000.0,6221000.0,6162000.0,6599000.0,6756000.0,7098000.0,7070000.0,6697000.0,6874000.0,7367000.0,7556000.0,7616000.0,8043000.0,7796000.0,8542000.0,8766000.0,8725000.0,8663000,9166000
HND,1800000.0,1778000.0,1815000.0,1866000.0,1954000.0,2080000.0,2236000.0,2329000.0,2417000.0,2460000.0,2478000.0,2547000.0,2681000.0,2642000.0,2872000.0,2945000.0,3255000.0,3747000.0,3681000.0,3929000.0,3501000.0,3991000.0,4128000.0,3887000.0,4090000.0,3821000.0,4384000.0,4442000.0,4678000.0,4844000.0,4834000.0,5327000.0,5786000.0,6261000.0,5950000.0,6622000.0,7148000.0,6738000.0,6316000.0,5898000.0,6368000.0,6684000.0,8652000.0,8573000.0,9379000.0,9173000.0,10419000.0,11049000.0,11870000.0,10247000.0,9089000.0,9189000,9093000
HUN,25789000.0,27335000.0,27444000.0,27292000.0,26787000.0,29028000.0,29284000.0,30155000.0,30801000.0,31723000.0,33486000.0,33769000.0,33809000.0,37553000.0,37168000.0,36573000.0,40177000.0,40960000.0,40402000.0,40465000.0,40502000.0,41699000.0,42680000.0,43351000.0,41154000.0,40989000.0,42180000.0,41650000.0,41144000.0,39346000.0,36099000.0,31499000.0,29053000.0,32109000.0,31241000.0,32118000.0,31400000.0,31892000.0,32308000.0,30485000.0,30530000.0,30684000.0,30393000.0,30819000.0,30426000.0,29617000.0,27713000.0,27344000.0,26985000.0,25144000.0,25388000.0,24185000,23635000
ISL,397000.0,396000.0,410000.0,393000.0,426000.0,409000.0,428000.0,418000.0,425000.0,444000.0,450000.0,455000.0,460000.0,466000.0,459000.0,511000.0,536000.0,519000.0,523000.0,508000.0,508000.0,509000.0,542000.0,566000.0,547000.0,568000.0,611000.0,674000.0,600000.0,594000.0,601000.0,577000.0,580000.0,596000.0,622000.0,623000.0,619000.0,622000.0,632000.0,641000.0,664000.0,690000.0,699000.0,703000.0,733000.0,771000.0,842000.0,798000.0,791000.0,779000.0,790000.0,810000,818000
IND,309565000.0,318802000.0,315155000.0,324564000.0,327376000.0,336008000.0,347493000.0,361409000.0,375288000.0,391899000.0,389532000.0,395202000.0,412069000.0,410204000.0,437783000.0,431078000.0,466611000.0,487270000.0,482421000.0,481055000.0,510580000.0,516968000.0,566543000.0,590201000.0,592570000.0,605447000.0,623575000.0,654356000.0,690928000.0,681169000.0,716474000.0,750584000.0,758811000.0,780455000.0,808109000.0,823412000.0,856044000.0,907653000.0,949204000.0,934346000.0,951943000.0,932637000.0,964933000.0,958430000.0,988532000.0,1056344000.0,1120149000.0,1164815000.0,1166783000.0,1226850000.0,1267739000.0,1295189000,1336593000
IDN,62022000.0,64800000.0,65511000.0,70708000.0,70592000.0,69093000.0,69745000.0,72594000.0,72779000.0,74706000.0,76892000.0,78800000.0,87681000.0,89678000.0,88680000.0,86765000.0,92709000.0,95165000.0,98593000.0,103567000.0,111156000.0,109062000.0,116226000.0,120012000.0,122296000.0,129213000.0,131742000.0,137679000.0,141444000.0,131506000.0,135193000.0,142528000.0,147154000.0,155720000.0,174641000.0,169422000.0,166639000.0,166540000.0,173823000.0,177495000.0,181527000.0,188244000.0,194695000.0,200569000.0,203166000.0,210710000.0,216034000.0,221464000.0,231466000.0,236193000.0,249788000.0,257587000,256888000
IRN,17283000.0,17705000.0,18280000.0,19175000.0,20644000.0,22216000.0,23388000.0,25078000.0,25325000.0,26344000.0,26547000.0,28497000.0,31128000.0,34255000.0,37303000.0,40412000.0,43840000.0,43881000.0,45155000.0,49278000.0,55309000.0,59714000.0,62490000.0,65621000.0,68511000.0,71582000.0,74785000.0,71053000.0,76071000.0,86459000.0,83786000.0,90676000.0,93241000.0,92667000.0,96423000.0,103132000.0,105246000.0,109580000.0,110180000.0,110220000.0,114417000.0,120460000.0,123136000.0,128333000.0,137747000.0,134768000.0,137836000.0,130349000.0,141359000.0,143368000.0,141265000.0,146741000,146155000
IRQ,6613000.0,6997000.0,7426000.0,7777000.0,8205000.0,8696000.0,9580000.0,10164000.0,10476000.0,10284000.0,11063000.0,11719000.0,10688000.0,10980000.0,11482000.0,13015000.0,13825000.0,15426000.0,15935000.0,16830000.0,18763000.0,19972000.0,20743000.0,23278000.0,24489000.0,24076000.0,24678000.0,25064000.0,25944000.0,25112000.0,18738000.0,18445000.0,19607000.0,19148000.0,19092000.0,19505000.0,19417000.0,20542000.0,22079000.0,22446000.0,24606000.0,26007000.0,23457000.0,25879000.0,28617000.0,29959000.0,29354000.0,28337000.0,29879000.0,33014000.0,32476000.0,32860000,37277000
IRL,11603000.0,11925000.0,11453000.0,10910000.0,11705000.0,11656000.0,12082000.0,12278000.0,12025000.0,12239000.0,12412000.0,11910000.0,11572000.0,11055000.0,10681000.0,10825000.0,11120000.0,10916000.0,11759000.0,11963000.0,11970000.0,13257000.0,13148000.0,13126000.0,12283000.0,12609000.0,11850000.0,11991000.0,11159000.0,11943000.0,11496000.0,11424000.0,11510000.0,12016000.0,12293000.0,11903000.0,12727000.0,12420000.0,13535000.0,13383000.0,14547000.0,15409000.0,15416000.0,15756000.0,15474000.0,15220000.0,15227000.0,16917000.0,15851000.0,15786000.0,15572000.0,16010000,18160000
ISR,4632000.0,4893000.0,4951000.0,5673000.0,5606000.0,6075000.0,6285000.0,6561000.0,6796000.0,7229000.0,8045000.0,8144000.0,8583000.0,8328000.0,8642000.0,9390000.0,9142000.0,8820000.0,9335000.0,9344000.0,9665000.0,11000000.0,10628000.0,11018000.0,11152000.0,10991000.0,11204000.0,12186000.0,13299000.0,13447000.0,13480000.0,14318000.0,14717000.0,15951000.0,16061000.0,15257000.0,15703000.0,15258000.0,16037000.0,16836000.0,17777000.0,18045000.0,18359000.0,18587000.0,18154000.0,17162000.0,17066000.0,16629000.0,17691000.0,18017000.0,18033000.0,18850000,19313000
ITA,105534000.0,106405000.0,115344000.0,115971000.0,119997000.0,124751000.0,128973000.0,133473000.0,136677000.0,138512000.0,136362000.0,138238000.0,142037000.0,137916000.0,138045000.0,139216000.0,137928000.0,145688000.0,151242000.0,151451000.0,147531000.0,145777000.0,148716000.0,152922000.0,149722000.0,150238000.0,151461000.0,149155000.0,149748000.0,148199000.0,152166000.0,153521000.0,148887000.0,147704000.0,148219000.0,155230000.0,152197000.0,156458000.0,161491000.0,164746000.0,156250000.0,156399000.0,155143000.0,167995000.0,164683000.0,160462000.0,160903000.0,158423000.0,158382000.0,154867000.0,156057000.0,153460000,153450000
JAM,1507000.0,1655000.0,1670000.0,1804000.0,1803000.0,1906000.0,2028000.0,2030000.0,2027000.0,2280000.0,2551000.0,2760000.0,2525000.0,2753000.0,2745000.0,2856000.0,2755000.0,3081000.0,2932000.0,3054000.0,3072000.0,3003000.0,2964000.0,3159000.0,3073000.0,3044000.0,3381000.0,3112000.0,3237000.0,3352000.0,3259000.0,3441000.0,3716000.0,3839000.0,3891000.0,3997000.0,3929000.0,3919000.0,3969000.0,3952000.0,4125000.0,4131000.0,4217000.0,4133000.0,3976000.0,4342000.0,4196000.0,3820000.0,3877000.0,4049000.0,4333000.0,4154000,4216000
JPN,112141000.0,118634000.0,123890000.0,128280000.0,130402000.0,136702000.0,141982000.0,150584000.0,152284000.0,157492000.0,160078000.0,169255000.0,171746000.0,170107000.0,171067000.0,173686000.0,186191000.0,188258000.0,193863000.0,193640000.0,191432000.0,195715000.0,199038000.0,201082000.0,204677000.0,210728000.0,214059000.0,216262000.0,216975000.0,215299000.0,214289000.0,216494000.0,214086000.0,213836000.0,215630000.0,212967000.0,212604000.0,205237000.0,207324000.0,205273000.0,203979000.0,203459000.0,200301000.0,199021000.0,199075000.0,195615000.0,195712000.0,190337000.0,188600000.0,185552000.0,186917000.0,190471000,188113000
JOR,2039000.0,2009000.0,2200000.0,2363000.0,2532000.0,2131000.0,2076000.0,1396000.0,1573000.0,1413000.0,1535000.0,1722000.0,1604000.0,1592000.0,1714000.0,1734000.0,2072000.0,2390000.0,2339000.0,2423000.0,2498000.0,2780000.0,3002000.0,3238000.0,3678000.0,3799000.0,3948000.0,4193000.0,3869000.0,4734000.0,5002000.0,5817000.0,5784000.0,6228000.0,6550000.0,6600000.0,5974000.0,6400000.0,6856000.0,6643000.0,6560000.0,7200000.0,8204000.0,8669000.0,8374000.0,8965000.0,9092000.0,9227000.0,9197000.0,9357000.0,10327000.0,10927000,10980000
KAZ,0.0,0.0,0.0,0.0,0.0,0.0,0.0,0.0,0.0,0.0,0.0,0.0,0.0,0.0,0.0,0.0,0.0,0.0,0.0,0.0,0.0,0.0,0.0,0.0,0.0,0.0,0.0,0.0,0.0,0.0,0.0,43816000.0,40008000.0,39428000.0,31534000.0,26890000.0,23992000.0,20879000.0,21134000.0,25966000.0,28561000.0,31124000.0,33067000.0,33292000.0,35458000.0,35831000.0,37153000.0,37044000.0,40006000.0,38969000.0,46916000.0,43425000,47099000
KEN,8721000.0,9068000.0,8899000.0,9386000.0,9730000.0,10188000.0,10324000.0,10656000.0,10986000.0,11433000.0,11831000.0,12393000.0,12583000.0,12938000.0,13276000.0,13753000.0,14359000.0,14959000.0,16082000.0,16137000.0,16032000.0,16882000.0,17206000.0,16112000.0,18688000.0,19772000.0,20042000.0,20606000.0,21717000.0,21831000.0,22559000.0,23266000.0,22866000.0,24359000.0,24444000.0,24745000.0,25803000.0,26607000.0,28822000.0,27587000.0,30092000.0,30109000.0,30166000.0,32181000.0,37805000.0,38610000.0,38872000.0,41167000.0,43241000.0,44838000.0,44167000.0,47972000,48597000
KIR,41000.0,40000.0,43000.0,45000.0,45000.0,50000.0,51000.0,54000.0,54000.0,57000.0,58000.0,62000.0,63000.0,66000.0,66000.0,67000.0,67000.0,72000.0,76000.0,77000.0,75000.0,75000.0,74000.0,76000.0,75000.0,73000.0,75000.0,76000.0,75000.0,81000.0,82000.0,85000.0,94000.0,90000.0,94000.0,100000.0,96000.0,101000.0,101000.0,102000.0,111000.0,108000.0,107000.0,109000.0,116000.0,121000.0,119000.0,121000.0,124000.0,126000.0,126000.0,129000,135000
KWT,374000.0,416000.0,459000.0,540000.0,634000.0,719000.0,831000.0,910000.0,941000.0,1023000.0,1068000.0,1162000.0,1196000.0,1303000.0,1406000.0,1594000.0,1741000.0,1943000.0,2131000.0,2328000.0,2477000.0,2666000.0,2810000.0,3016000.0,3122000.0,3303000.0,3560000.0,3670000.0,3809000.0,2580000.0,1230000.0,2196000.0,2502000.0,2947000.0,3144000.0,3168000.0,3355000.0,3555000.0,3704000.0,3945000.0,4070000.0,3597000.0,3634000.0,3667000.0,4310000.0,4868000.0,4852000.0,4954000.0,5420000.0,5332000.0,5369000.0,5644000,7167000
KGZ,0.0,0.0,0.0,0.0,0.0,0.0,0.0,0.0,0.0,0.0,0.0,0.0,0.0,0.0,0.0,0.0,0.0,0.0,0.0,0.0,0.0,0.0,0.0,0.0,0.0,0.0,0.0,0.0,0.0,0.0,0.0,9041000.0,7432000.0,6429000.0,6279000.0,6784000.0,7617000.0,8114000.0,8978000.0,9391000.0,9966000.0,9902000.0,10066000.0,10653000.0,10454000.0,10546000.0,11089000.0,11065000.0,12090000.0,11171000.0,11415000.0,11670000,12527000
LAO,1287000.0,1306000.0,1343000.0,1423000.0,1475000.0,1530000.0,1571000.0,1606000.0,1627000.0,1696000.0,1711000.0,1749000.0,1773000.0,1780000.0,1771000.0,1829000.0,1941000.0,1996000.0,2069000.0,2157000.0,2201000.0,2259000.0,2294000.0,2371000.0,2463000.0,2510000.0,2670000.0,2752000.0,2900000.0,3072000.0,2967000.0,3085000.0,3213000.0,3471000.0,3235000.0,3433000.0,3605000.0,3933000.0,4212000.0,5249000.0,5267000.0,6114000.0,6039000.0,6150000.0,6478000.0,6639000.0,7209000.0,7492000.0,8038000.0,8618000.0,9812000.0,9553000,10596000
LVA,0.0,0.0,0.0,0.0,0.0,0.0,0.0,0.0,0.0,0.0,0.0,0.0,0.0,0.0,0.0,0.0,0.0,0.0,0.0,0.0,0.0,0.0,0.0,0.0,0.0,0.0,0.0,0.0,0.0,0.0,0.0,8167000.0,7130000.0,6687000.0,6164000.0,6684000.0,6290000.0,5643000.0,5558000.0,5675000.0,5549000.0,5999000.0,5893000.0,5657000.0,5954000.0,5751000.0,5778000.0,5401000.0,5529000.0,5303000.0,5462000.0,5217000,4764000
LBN,2381000.0,2454000.0,2538000.0,2796000.0,2692000.0,2811000.0,2870000.0,2969000.0,2937000.0,3068000.0,3268000.0,3567000.0,3185000.0,3275000.0,3261000.0,3148000.0,3657000.0,3662000.0,3791000.0,3935000.0,4098000.0,4128000.0,4398000.0,4284000.0,4439000.0,4790000.0,5128000.0,5255000.0,5535000.0,5765000.0,6099000.0,6196000.0,6334000.0,6624000.0,7159000.0,7489000.0,7579000.0,6988000.0,7308000.0,7061000.0,6899000.0,7291000.0,7472000.0,7771000.0,7698000.0,7349000.0,7812000.0,7771000.0,7488000.0,7731000.0,8015000.0,8404000,8682000
LSO,600000.0,613000.0,638000.0,653000.0,661000.0,667000.0,657000.0,667000.0,655000.0,690000.0,753000.0,705000.0,730000.0,827000.0,780000.0,824000.0,939000.0,1054000.0,1026000.0,1057000.0,1085000.0,1101000.0,1274000.0,1216000.0,1199000.0,1151000.0,1166000.0,1206000.0,1229000.0,1243000.0,1258000.0,1292000.0,1341000.0,1393000.0,1332000.0,1390000.0,1408000.0,1430000.0,1462000.0,1483000.0,1524000.0,1546000.0,1547000.0,1596000.0,1621000.0,1654000.0,1639000.0,1668000.0,1676000.0,1697000.0,1724000.0,1732000,1803000
LBR,1128000.0,1154000.0,1179000.0,1191000.0,1208000.0,1269000.0,1274000.0,1308000.0,1292000.0,1407000.0,1467000.0,1443000.0,1469000.0,1514000.0,1501000.0,1601000.0,1721000.0,1755000.0,1836000.0,1843000.0,1880000.0,1929000.0,1909000.0,1886000.0,1979000.0,2064000.0,2129000.0,2252000.0,2150000.0,1891000.0,1769000.0,1759000.0,1760000.0,1644000.0,1622000.0,1809000.0,2084000.0,2230000.0,2356000.0,2594000.0,2624000.0,2720000.0,2702000.0,2832000.0,2991000.0,2864000.0,2998000.0,3013000.0,3012000.0,3096000.0,3298000.0,3290000,3380000
LTU,0.0,0.0,0.0,0.0,0.0,0.0,0.0,0.0,0.0,0.0,0.0,0.0,0.0,0.0,0.0,0.0,0.0,0.0,0.0,0.0,0.0,0.0,0.0,0.0,0.0,0.0,0.0,0.0,0.0,0.0,0.0,9667000.0,11171000.0,9889000.0,9595000.0,10950000.0,12535000.0,12347000.0,11216000.0,11825000.0,11918000.0,11560000.0,11780000.0,10937000.0,11435000.0,9860000.0,10866000.0,10258000.0,10224000.0,9023000.0,9634000.0,10017000,10206000
LUX,0.0,0.0,0.0,0.0,0.0,0.0,0.0,0.0,0.0,0.0,0.0,0.0,0.0,0.0,0.0,0.0,0.0,0.0,0.0,0.0,0.0,0.0,0.0,0.0,0.0,0.0,0.0,0.0,0.0,0.0,0.0,0.0,0.0,0.0,0.0,0.0,0.0,0.0,0.0,1220000.0,1222000.0,1310000.0,1309000.0,1308000.0,1290000.0,1295000.0,1300000.0,1377000.0,1345000.0,1375000.0,1432000.0,1501000,1511000
MDG,6026000.0,6217000.0,6530000.0,6785000.0,6992000.0,6977000.0,7276000.0,7732000.0,8038000.0,8104000.0,8248000.0,8388000.0,8391000.0,9213000.0,9359000.0,9770000.0,9423000.0,9786000.0,9846000.0,10230000.0,10391000.0,10222000.0,10976000.0,11335000.0,11509000.0,12126000.0,11999000.0,12053000.0,12177000.0,12592000.0,12501000.0,12483000.0,12705000.0,12846000.0,12925000.0,13263000.0,13668000.0,14043000.0,14463000.0,14796000.0,15075000.0,15024000.0,15069000.0,15580000.0,17400000.0,17822000.0,18382000.0,18612000.0,19680000.0,20333000.0,21216000.0,21505000,21174000
MWI,2649000.0,2755000.0,2839000.0,2994000.0,3088000.0,3135000.0,3261000.0,3417000.0,3514000.0,3680000.0,3961000.0,4130000.0,4664000.0,4930000.0,5119000.0,5266000.0,5404000.0,5165000.0,5223000.0,5314000.0,5443000.0,5583000.0,5248000.0,5244000.0,5523000.0,5689000.0,5863000.0,6120000.0,6307000.0,6415000.0,6772000.0,6329000.0,7145000.0,6831000.0,7711000.0,8289000.0,8984000.0,10053000.0,11332000.0,14757000.0,16166000.0,12471000.0,13505000.0,15550000.0,14490000.0,17429000.0,18751000.0,19329000.0,20627000.0,21717000.0,22689000.0,24090000,25233000
MYS,6780000.0,7221000.0,7489000.0,7654000.0,7930000.0,8235000.0,8449000.0,9112000.0,9544000.0,10035000.0,10049000.0,10469000.0,11098000.0,11757000.0,11847000.0,12063000.0,13195000.0,13912000.0,14660000.0,15105000.0,15239000.0,15957000.0,16624000.0,17570000.0,17611000.0,17834000.0,18393000.0,19895000.0,20321000.0,20947000.0,21668000.0,23554000.0,25237000.0,25556000.0,27643000.0,28152000.0,29754000.0,27273000.0,29135000.0,28817000.0,28472000.0,29779000.0,31883000.0,32522000.0,31864000.0,33505000.0,33071000.0,31614000.0,34054000.0,36402000.0,36249000.0,37915000,38992000
MDV,60000.0,65000.0,68000.0,72000.0,84000.0,86000.0,91000.0,90000.0,92000.0,104000.0,107000.0,114000.0,120000.0,125000.0,128000.0,135000.0,134000.0,148000.0,145000.0,155000.0,164000.0,174000.0,181000.0,192000.0,199000.0,210000.0,213000.0,223000.0,229000.0,191000.0,203000.0,224000.0,266000.0,288000.0,273000.0,291000.0,294000.0,309000.0,316000.0,331000.0,349000.0,356000.0,341000.0,355000.0,376000.0,376000.0,402000.0,417000.0,429000.0,465000.0,485000.0,541000,559000
MLI,3258000.0,3369000.0,3441000.0,3441000.0,3482000.0,3589000.0,3718000.0,3960000.0,3892000.0,4268000.0,3904000.0,3808000.0,3751000.0,4054000.0,4218000.0,4275000.0,4230000.0,4260000.0,4504000.0,4428000.0,4495000.0,5000000.0,4955000.0,5108000.0,5698000.0,6048000.0,6178000.0,6519000.0,6625000.0,6966000.0,7094000.0,7038000.0,7244000.0,7240000.0,7685000.0,7924000.0,8119000.0,8486000.0,8891000.0,8988000.0,9365000.0,9801000.0,10494000.0,10849000.0,11893000.0,12522000.0,14027000.0,14192000.0,15957000.0,15865000.0,16458000.0,16937000,17046000
MLT,474000.0,494000.0,485000.0,486000.0,474000.0,482000.0,473000.0,507000.0,550000.0,534000.0,572000.0,574000.0,607000.0,621000.0,645000.0,698000.0,697000.0,623000.0,672000.0,676000.0,691000.0,617000.0,678000.0,693000.0,725000.0,677000.0,733000.0,806000.0,774000.0,819000.0,828000.0,860000.0,894000.0,847000.0,888000.0,999000.0,988000.0,1099000.0,1090000.0,1096000.0,1096000.0,1061000.0,1093000.0,1103000.0,1084000.0,1049000.0,1147000.0,1074000.0,1008000.0,966000.0,977000.0,994000,1003000
MRT,852000.0,862000.0,875000.0,888000.0,898000.0,920000.0,946000.0,964000.0,977000.0,983000.0,972000.0,954000.0,972000.0,952000.0,1001000.0,1033000.0,1124000.0,1183000.0,1176000.0,1233000.0,1289000.0,1355000.0,1557000.0,1618000.0,1655000.0,1621000.0,1689000.0,1770000.0,1784000.0,1703000.0,1783000.0,1818000.0,1961000.0,1957000.0,1967000.0,2106000.0,2209000.0,2290000.0,2315000.0,2341000.0,2493000.0,2562000.0,2801000.0,2907000.0,3125000.0,2780000.0,3148000.0,3221000.0,3221000.0,3514000.0,3616000.0,3909000,4071000
MUS,484000.0,521000.0,537000.0,542000.0,542000.0,553000.0,560000.0,573000.0,556000.0,594000.0,614000.0,618000.0,634000.0,678000.0,687000.0,729000.0,804000.0,822000.0,834000.0,837000.0,872000.0,838000.0,869000.0,902000.0,912000.0,934000.0,979000.0,1026000.0,1088000.0,1069000.0,1133000.0,1179000.0,1233000.0,1253000.0,1369000.0,1332000.0,1387000.0,1382000.0,1425000.0,1516000.0,1562000.0,1587000.0,1630000.0,1663000.0,1643000.0,1641000.0,1693000.0,1676000.0,1788000.0,1741000.0,1762000.0,1743000,1794000
MEX,35518000.0,37513000.0,39647000.0,41485000.0,44676000.0,49553000.0,52157000.0,55241000.0,57170000.0,60376000.0,63586000.0,68380000.0,71930000.0,75543000.0,80184000.0,79615000.0,85681000.0,91586000.0,95572000.0,108748000.0,115612000.0,114826000.0,116326000.0,119495000.0,121722000.0,123396000.0,121718000.0,123325000.0,127407000.0,133719000.0,129775000.0,138970000.0,146485000.0,143473000.0,141718000.0,153684000.0,153551000.0,164040000.0,168357000.0,175777000.0,187366000.0,187337000.0,193486000.0,194764000.0,189931000.0,196750000.0,200049000.0,205958000.0,198123000.0,203797000.0,199902000.0,209246000,210121000
MNG,1029000.0,1152000.0,1210000.0,1270000.0,1378000.0,1301000.0,1284000.0,1207000.0,1238000.0,1384000.0,1453000.0,1375000.0,1692000.0,1719000.0,1825000.0,1845000.0,1769000.0,1833000.0,1840000.0,1803000.0,1958000.0,2215000.0,2413000.0,2457000.0,2513000.0,2788000.0,2612000.0,2613000.0,2627000.0,2547000.0,2307000.0,2008000.0,2014000.0,1996000.0,2052000.0,2093000.0,2195000.0,2344000.0,2541000.0,2436000.0,2307000.0,2316000.0,2431000.0,2530000.0,2467000.0,2706000.0,2917000.0,3127000.0,3509000.0,3067000.0,3503000.0,3684000,3702000
MNE,0.0,0.0,0.0,0.0,0.0,0.0,0.0,0.0,0.0,0.0,0.0,0.0,0.0,0.0,0.0,0.0,0.0,0.0,0.0,0.0,0.0,0.0,0.0,0.0,0.0,0.0,0.0,0.0,0.0,0.0,0.0,0.0,0.0,0.0,0.0,0.0,0.0,0.0,0.0,0.0,0.0,0.0,0.0,0.0,0.0,1605000.0,1659000.0,1860000.0,1891000.0,1810000.0,1887000.0,1786000,1848000
MAR,8777000.0,9644000.0,10246000.0,10999000.0,11230000.0,10796000.0,11858000.0,13392000.0,13654000.0,14138000.0,15002000.0,15460000.0,15281000.0,16698000.0,17144000.0,17048000.0,17885000.0,19503000.0,19587000.0,19446000.0,20061000.0,21250000.0,21721000.0,22761000.0,24675000.0,26968000.0,27277000.0,29162000.0,30189000.0,30885000.0,32146000.0,29700000.0,30227000.0,32055000.0,30693000.0,35876000.0,35866000.0,37392000.0,36777000.0,36549000.0,36714000.0,39856000.0,41541000.0,44651000.0,42360000.0,46027000.0,44458000.0,45146000.0,48373000.0,49843000.0,52740000.0,52224000,55676000
MOZ,7759000.0,8032000.0,7907000.0,8186000.0,8337000.0,8405000.0,8640000.0,8567000.0,8956000.0,9121000.0,9725000.0,9654000.0,10219000.0,10102000.0,10040000.0,10373000.0,10418000.0,10628000.0,10833000.0,11237000.0,11156000.0,11119000.0,11138000.0,11514000.0,11644000.0,11270000.0,11567000.0,11429000.0,11309000.0,12437000.0,11635000.0,11332000.0,11806000.0,12066000.0,13378000.0,14699000.0,15541000.0,16150000.0,16826000.0,16814000.0,17624000.0,18279000.0,19681000.0,19829000.0,18929000.0,20275000.0,20383000.0,22103000.0,23349000.0,25687000.0,26576000.0,28115000,28517000
MMR,10207000.0,10930000.0,11310000.0,12336000.0,12107000.0,12138000.0,12541000.0,13553000.0,13367000.0,13985000.0,14350000.0,14531000.0,15240000.0,15490000.0,15922000.0,16458000.0,17339000.0,18926000.0,19784000.0,21396000.0,22776000.0,23563000.0,24239000.0,25328000.0,25914000.0,26349000.0,27128000.0,26873000.0,25002000.0,26423000.0,26892000.0,28581000.0,29882000.0,30730000.0,31466000.0,32904000.0,33977000.0,35303000.0,37962000.0,39547000.0,41937000.0,43637000.0,46515000.0,51916000.0,56591000.0,61660000.0,64411000.0,68069000.0,68802000.0,73192000.0,73043000.0,73304000,74909000
NAM,771000.0,747000.0,772000.0,785000.0,780000.0,813000.0,837000.0,836000.0,825000.0,815000.0,842000.0,851000.0,853000.0,871000.0,880000.0,905000.0,938000.0,961000.0,986000.0,1000000.0,1003000.0,1009000.0,1014000.0,1038000.0,1042000.0,1067000.0,1115000.0,1147000.0,1151000.0,1566000.0,1525000.0,1775000.0,1496000.0,1457000.0,1518000.0,1837000.0,1986000.0,1976000.0,2253000.0,2516000.0,2248000.0,2142000.0,2174000.0,2121000.0,2175000.0,2198000.0,2249000.0,2323000.0,2325000.0,2366000.0,2463000.0,2639000,2800000
NPL,5671000.0,5773000.0,5902000.0,5961000.0,6203000.0,6226000.0,6311000.0,6532000.0,6747000.0,6935000.0,7073000.0,7172000.0,7440000.0,7687000.0,7712000.0,8068000.0,8305000.0,8564000.0,8578000.0,9032000.0,9344000.0,9663000.0,11292000.0,11500000.0,11601000.0,11822000.0,12716000.0,14238000.0,15340000.0,15295000.0,16310000.0,17083000.0,17243000.0,18630000.0,18960000.0,18550000.0,19599000.0,19961000.0,21096000.0,21768000.0,23036000.0,23792000.0,24943000.0,25360000.0,26497000.0,27813000.0,28799000.0,29631000.0,31004000.0,32746000.0,34260000.0,36442000,36644000
NLD,33776000.0,33552000.0,35410000.0,36790000.0,34817000.0,36677000.0,38514000.0,38488000.0,40858000.0,40361000.0,40001000.0,42061000.0,44636000.0,46862000.0,46049000.0,47475000.0,53786000.0,57897000.0,56873000.0,55592000.0,54881000.0,60432000.0,56013000.0,66047000.0,68065000.0,62918000.0,64676000.0,67730000.0,46342000.0,70331000.0,62610000.0,66338000.0,58813000.0,63656000.0,57322000.0,58885000.0,55002000.0,54021000.0,61762000.0,59552000.0,59524000.0,54010000.0,52516000.0,55990000.0,51748000.0,54371000.0,55267000.0,55742000.0,54980000.0,53418000.0,54448000.0,53325000,53832000
NCL,141000.0,143000.0,147000.0,151000.0,166000.0,168000.0,158000.0,169000.0,174000.0,201000.0,214000.0,212000.0,218000.0,221000.0,207000.0,210000.0,215000.0,205000.0,218000.0,233000.0,228000.0,235000.0,240000.0,236000.0,228000.0,242000.0,245000.0,236000.0,245000.0,243000.0,249000.0,250000.0,259000.0,268000.0,267000.0,295000.0,293000.0,308000.0,291000.0,288000.0,327000.0,326000.0,347000.0,362000.0,369000.0,355000.0,379000.0,368000.0,381000.0,386000.0,405000.0,413000,418000
NZL,7625000.0,7805000.0,7786000.0,7853000.0,7952000.0,8341000.0,7923000.0,8525000.0,8691000.0,8658000.0,8517000.0,8384000.0,8637000.0,8527000.0,8336000.0,8559000.0,8295000.0,8236000.0,7646000.0,7884000.0,7982000.0,8441000.0,8186000.0,8812000.0,8990000.0,8989000.0,9259000.0,9021000.0,8669000.0,9247000.0,8848000.0,8285000.0,9104000.0,9618000.0,9824000.0,10343000.0,9467000.0,8835000.0,9113000.0,9097000.0,9473000.0,9345000.0,9360000.0,9705000.0,9766000.0,10131000.0,10394000.0,10894000.0,10588000.0,10647000.0,10881000.0,10945000,11071000
NIC,1503000.0,1562000.0,1632000.0,1730000.0,1804000.0,1867000.0,1960000.0,2112000.0,2204000.0,2301000.0,2280000.0,2259000.0,2444000.0,2465000.0,2582000.0,2679000.0,2893000.0,2834000.0,2700000.0,2401000.0,2541000.0,2645000.0,2612000.0,2900000.0,2967000.0,3082000.0,2994000.0,2913000.0,2859000.0,2613000.0,2758000.0,2943000.0,2907000.0,2952000.0,2951000.0,2992000.0,3066000.0,3377000.0,3734000.0,3737000.0,4067000.0,4278000.0,4340000.0,4414000.0,4512000.0,4636000.0,4865000.0,4919000.0,5002000.0,5086000.0,5323000.0,5786000,6013000
NER,2321000.0,2407000.0,2508000.0,2654000.0,2835000.0,2911000.0,3150000.0,3373000.0,3409000.0,3490000.0,3684000.0,3451000.0,3641000.0,3781000.0,3951000.0,4221000.0,4347000.0,4538000.0,4707000.0,4885000.0,5034000.0,5263000.0,5434000.0,5243000.0,5122000.0,5244000.0,5437000.0,5841000.0,5955000.0,6663000.0,6338000.0,6566000.0,6682000.0,6935000.0,7273000.0,7696000.0,8162000.0,8824000.0,9067000.0,10214000.0,10358000.0,11011000.0,11843000.0,11985000.0,12616000.0,13319000.0,14030000.0,15220000.0,15103000.0,16051000.0,16362000.0,18036000,17840000
NGA,49852000.0,51688000.0,53314000.0,54525000.0,55542000.0,55251000.0,58112000.0,59716000.0,64368000.0,71888000.0,67379000.0,62661000.0,66654000.0,69913000.0,74493000.0,73058000.0,74091000.0,76162000.0,76975000.0,80524000.0,82126000.0,85369000.0,79421000.0,84130000.0,88433000.0,94113000.0,97933000.0,105796000.0,114453000.0,123542000.0,143524000.0,154838000.0,163872000.0,168625000.0,174843000.0,177779000.0,183924000.0,191588000.0,195305000.0,199382000.0,201770000.0,215594000.0,223755000.0,238685000.0,248917000.0,264276000.0,260195000.0,268276000.0,257785000.0,275614000.0,295836000.0,297791000,300923000
NOR,8996000.0,9174000.0,9233000.0,8912000.0,9398000.0,9990000.0,8892000.0,9444000.0,9674000.0,10425000.0,10051000.0,10533000.0,10804000.0,10942000.0,9824000.0,10542000.0,10754000.0,10917000.0,10888000.0,11552000.0,11476000.0,11671000.0,11528000.0,11400000.0,11660000.0,11855000.0,12493000.0,11969000.0,12580000.0,11733000.0,12178000.0,12819000.0,13035000.0,13702000.0,13461000.0,13476000.0,14303000.0,13585000.0,13593000.0,13952000.0,14152000.0,13846000.0,14370000.0,15024000.0,14873000.0,14877000.0,15400000.0,16586000.0,16033000.0,15117000.0,15435000.0,15321000,15228000
OMN,0.0,0.0,0.0,0.0,0.0,0.0,0.0,0.0,0.0,0.0,0.0,0.0,0.0,0.0,0.0,0.0,0.0,0.0,0.0,0.0,0.0,0.0,0.0,0.0,0.0,0.0,0.0,0.0,0.0,2231000.0,2451000.0,2568000.0,2636000.0,2851000.0,3100000.0,2750000.0,2569000.0,2931000.0,3188000.0,3133000.0,3291000.0,3316000.0,3509000.0,3595000.0,3689000.0,3812000.0,4050000.0,4231000.0,4693000.0,5045000.0,5217000.0,5948000,6297000
PAK,34742000.0,37208000.0,38055000.0,40845000.0,43917000.0,42528000.0,43750000.0,44147000.0,49300000.0,51365000.0,51903000.0,53159000.0,54275000.0,56048000.0,55865000.0,58114000.0,61675000.0,63490000.0,64176000.0,64242000.0,67647000.0,72157000.0,73336000.0,78894000.0,79085000.0,83312000.0,87679000.0,89170000.0,98401000.0,100783000.0,101369000.0,108630000.0,113323000.0,119270000.0,123166000.0,135099000.0,137481000.0,141583000.0,150212000.0,152495000.0,145252000.0,145024000.0,150522000.0,155916000.0,164455000.0,167990000.0,172469000.0,175568000.0,176359000.0,179407000.0,184667000.0,187837000,190505000
PAN,1377000.0,1400000.0,1459000.0,1562000.0,1605000.0,1600000.0,1671000.0,1826000.0,1970000.0,1847000.0,2038000.0,1932000.0,2055000.0,2216000.0,2247000.0,2188000.0,2229000.0,2231000.0,2308000.0,2341000.0,2359000.0,2392000.0,2491000.0,2608000.0,2645000.0,2645000.0,2861000.0,2650000.0,2884000.0,2794000.0,2726000.0,3066000.0,2929000.0,3162000.0,3251000.0,3450000.0,3331000.0,3559000.0,3547000.0,3724000.0,3809000.0,4018000.0,4130000.0,4084000.0,4360000.0,4320000.0,4697000.0,4604000.0,4865000.0,5024000.0,5167000.0,5464000,5560000
PRY,4397000.0,4418000.0,4579000.0,5703000.0,6330000.0,6218000.0,6264000.0,5938000.0,6153000.0,7310000.0,6483000.0,5904000.0,5536000.0,6354000.0,6507000.0,7123000.0,7347000.0,8000000.0,8136000.0,7972000.0,8121000.0,8938000.0,9204000.0,9415000.0,9866000.0,10106000.0,12031000.0,12710000.0,12939000.0,11774000.0,10035000.0,10601000.0,11355000.0,11480000.0,11904000.0,11381000.0,12762000.0,12798000.0,13988000.0,11607000.0,13373000.0,16233000.0,16419000.0,18114000.0,17180000.0,15939000.0,17099000.0,14061000.0,13869000.0,14547000.0,14493000.0,11124000,15630000
PER,11359000.0,11904000.0,11821000.0,13257000.0,14027000.0,14702000.0,15371000.0,14587000.0,16294000.0,16961000.0,17617000.0,16654000.0,17449000.0,17535000.0,18741000.0,19961000.0,19348000.0,18337000.0,20710000.0,17601000.0,19078000.0,20297000.0,18286000.0,19746000.0,20107000.0,22778000.0,24351000.0,24831000.0,22728000.0,20179000.0,21488000.0,21278000.0,22151000.0,23979000.0,26065000.0,27013000.0,28269000.0,29815000.0,30474000.0,33422000.0,31298000.0,32366000.0,32566000.0,32911000.0,34729000.0,36839000.0,37787000.0,39739000.0,41330000.0,43372000.0,44030000.0,46377000,47731000
PHL,26758000.0,26938000.0,28645000.0,29560000.0,30333000.0,30522000.0,31771000.0,32814000.0,33889000.0,35020000.0,35732000.0,36459000.0,37260000.0,41467000.0,44634000.0,47501000.0,49932000.0,52687000.0,55249000.0,57275000.0,57116000.0,59603000.0,57395000.0,59503000.0,60210000.0,62320000.0,64166000.0,64714000.0,67297000.0,71293000.0,70894000.0,74097000.0,73840000.0,77979000.0,79213000.0,83969000.0,83994000.0,81725000.0,83085000.0,86581000.0,87813000.0,90899000.0,92576000.0,95929000.0,96429000.0,99379000.0,104033000.0,108248000.0,111674000.0,114106000.0,113370000.0,115340000,113186000
POL,130442000.0,118011000.0,131111000.0,133834000.0,130956000.0,140531000.0,145602000.0,150254000.0,150037000.0,152791000.0,144590000.0,162676000.0,171424000.0,170156000.0,165779000.0,168172000.0,159377000.0,168703000.0,164747000.0,135601000.0,155182000.0,136963000.0,140302000.0,148843000.0,145376000.0,153020000.0,151882000.0,150590000.0,151536000.0,149870000.0,141291000.0,123873000.0,140162000.0,124010000.0,133315000.0,132085000.0,128013000.0,138942000.0,130514000.0,131627000.0,127756000.0,119938000.0,114677000.0,119996000.0,108920000.0,105204000.0,117841000.0,114496000.0,114009000.0,111292000.0,114343000.0,113530000,110067000
PRT,12929000.0,13118000.0,14067000.0,13881000.0,14495000.0,14957000.0,16254000.0,16180000.0,16762000.0,16198000.0,17078000.0,17544000.0,17590000.0,18992000.0,19390000.0,19030000.0,19472000.0,19421000.0,18966000.0,20705000.0,21135000.0,21303000.0,21166000.0,21067000.0,23237000.0,25237000.0,25988000.0,26226000.0,26605000.0,28181000.0,27411000.0,26344000.0,27717000.0,28202000.0,28236000.0,28121000.0,28212000.0,30510000.0,30553000.0,29707000.0,30145000.0,28812000.0,28340000.0,30299000.0,28393000.0,27894000.0,29328000.0,28977000.0,28312000.0,28263000.0,28010000.0,28480000,28049000
QAT,18215000.0,19386000.0,20119000.0,23684000.0,25220000.0,25975000.0,25194000.0,28259000.0,30695000.0,32372000.0,34411000.0,36252000.0,37376000.0,38906000.0,43401000.0,47190000.0,48016000.0,52991000.0,56796000.0,53154000.0,55496000.0,56955000.0,58293000.0,59683000.0,60608000.0,63841000.0,66697000.0,69551000.0,75155000.0,72038000.0,74530000.0,79477000.0,80129000.0,77910000.0,88453000.0,86821000.0,84266000.0,80170000.0,85627000.0,87993000.0,89900000.0,89862000.0,87501000.0,88739000.0,90437000.0,90848000.0,91115000.0,94059000.0,93286000.0,93015000.0,97293000.0,96228000,97174000
MDA,0.0,0.0,0.0,0.0,0.0,0.0,0.0,0.0,0.0,0.0,0.0,0.0,0.0,0.0,0.0,0.0,0.0,0.0,0.0,0.0,0.0,0.0,0.0,0.0,0.0,0.0,0.0,0.0,0.0,0.0,0.0,11521000.0,12156000.0,10240000.0,10157000.0,9030000.0,10059000.0,8944000.0,8101000.0,8000000.0,9277000.0,7991000.0,7509000.0,7691000.0,8047000.0,8285000.0,7092000.0,7996000.0,7357000.0,7581000.0,7532000.0,6903000,7946000
ROU,36092000.0,33667000.0,35896000.0,36169000.0,37775000.0,42342000.0,42404000.0,42771000.0,43240000.0,42394000.0,47790000.0,51331000.0,53308000.0,54988000.0,55551000.0,65910000.0,67890000.0,67893000.0,71602000.0,67558000.0,65962000.0,71447000.0,71142000.0,76290000.0,74454000.0,70076000.0,66490000.0,66334000.0,64792000.0,62989000.0,60804000.0,61463000.0,59847000.0,62280000.0,61891000.0,60996000.0,61843000.0,62742000.0,64218000.0,57803000.0,62575000.0,63550000.0,68788000.0,71555000.0,68885000.0,70546000.0,65330000.0,64818000.0,61090000.0,60827000.0,66078000.0,53690000,60797000
RUS,0.0,0.0,0.0,0.0,0.0,0.0,0.0,0.0,0.0,0.0,0.0,0.0,0.0,0.0,0.0,0.0,0.0,0.0,0.0,0.0,0.0,0.0,0.0,0.0,0.0,0.0,0.0,0.0,0.0,0.0,0.0,455486000.0,409393000.0,353898000.0,338005000.0,320115000.0,335851000.0,294507000.0,293114000.0,310241000.0,346387000.0,328948000.0,337315000.0,358233000.0,357155000.0,366983000.0,352277000.0,391224000.0,357694000.0,324189000.0,377675000.0,347165000,370913000
RWA,3915000.0,4518000.0,3915000.0,4214000.0,4458000.0,4689000.0,5564000.0,5610000.0,5985000.0,6212000.0,6337000.0,6312000.0,6572000.0,6595000.0,7151000.0,7540000.0,7812000.0,8148000.0,8571000.0,8852000.0,9198000.0,9653000.0,9729000.0,9393000.0,10138000.0,9809000.0,9897000.0,9779000.0,10821000.0,9725000.0,9948000.0,9029000.0,8430000.0,7293000.0,7579000.0,8103000.0,8484000.0,9715000.0,10779000.0,11562000.0,11866000.0,13971000.0,13432000.0,13396000.0,14021000.0,14172000.0,14262000.0,14784000.0,16214000.0,16556000.0,17342000.0,18305000,18547000
KNA,27000.0,27000.0,29000.0,29000.0,28000.0,30000.0,29000.0,29000.0,33000.0,31000.0,32000.0,34000.0,32000.0,32000.0,34000.0,33000.0,33000.0,34000.0,35000.0,36000.0,32000.0,37000.0,38000.0,39000.0,41000.0,38000.0,42000.0,42000.0,39000.0,40000.0,40000.0,38000.0,39000.0,39000.0,42000.0,42000.0,44000.0,45000.0,45000.0,48000.0,51000.0,50000.0,47000.0,48000.0,47000.0,52000.0,53000.0,51000.0,52000.0,53000.0,51000.0,54000,56000
LCA,117000.0,122000.0,122000.0,129000.0,133000.0,140000.0,138000.0,142000.0,143000.0,144000.0,152000.0,144000.0,138000.0,141000.0,140000.0,150000.0,148000.0,164000.0,171000.0,168000.0,172000.0,170000.0,181000.0,189000.0,206000.0,214000.0,217000.0,214000.0,213000.0,217000.0,238000.0,237000.0,246000.0,251000.0,253000.0,247000.0,266000.0,264000.0,219000.0,234000.0,214000.0,222000.0,224000.0,214000.0,214000.0,211000.0,218000.0,212000.0,214000.0,220000.0,230000.0,225000,229000
VCT,75000.0,75000.0,77000.0,77000.0,79000.0,83000.0,78000.0,82000.0,91000.0,98000.0,102000.0,95000.0,97000.0,93000.0,97000.0,99000.0,100000.0,102000.0,103000.0,109000.0,113000.0,115000.0,107000.0,115000.0,107000.0,118000.0,121000.0,129000.0,118000.0,116000.0,120000.0,116000.0,121000.0,110000.0,105000.0,115000.0,119000.0,112000.0,121000.0,120000.0,140000.0,151000.0,179000.0,171000.0,196000.0,205000.0,215000.0,219000.0,230000.0,228000.0,213000.0,217000,221000
WSM,157000.0,167000.0,169000.0,179000.0,181000.0,183000.0,194000.0,207000.0,213000.0,225000.0,235000.0,237000.0,242000.0,249000.0,262000.0,269000.0,266000.0,262000.0,267000.0,268000.0,273000.0,273000.0,270000.0,268000.0,274000.0,267000.0,281000.0,273000.0,254000.0,238000.0,220000.0,198000.0,201000.0,190000.0,205000.0,225000.0,238000.0,243000.0,258000.0,266000.0,276000.0,278000.0,280000.0,292000.0,295000.0,301000.0,306000.0,317000.0,321000.0,327000.0,318000.0,340000,337000
STP,82000.0,80000.0,75000.0,85000.0,81000.0,82000.0,81000.0,81000.0,86000.0,86000.0,87000.0,88000.0,86000.0,85000.0,87000.0,87000.0,89000.0,92000.0,93000.0,96000.0,95000.0,101000.0,99000.0,102000.0,109000.0,103000.0,113000.0,118000.0,124000.0,123000.0,130000.0,135000.0,143000.0,158000.0,149000.0,161000.0,177000.0,180000.0,188000.0,196000.0,203000.0,207000.0,211000.0,216000.0,222000.0,233000.0,235000.0,238000.0,246000.0,240000.0,232000.0,235000,251000
SAU,2587000.0,2707000.0,2856000.0,3014000.0,3214000.0,3485000.0,3521000.0,3725000.0,3884000.0,4175000.0,6338000.0,4863000.0,4635000.0,5440000.0,6062000.0,6654000.0,8653000.0,9874000.0,13193000.0,15007000.0,16728000.0,20682000.0,21295000.0,23851000.0,25054000.0,26397000.0,25928000.0,26071000.0,26726000.0,25488000.0,25657000.0,25857000.0,29875000.0,29978000.0,32679000.0,33479000.0,34111000.0,30955000.0,34297000.0,35550000.0,32341000.0,34507000.0,39372000.0,35119000.0,43370000.0,47044000.0,47295000.0,47164000.0,43645000.0,48330000.0,48247000.0,54535000,59594000
SEN,2428000.0,2505000.0,2769000.0,2846000.0,2867000.0,3014000.0,3109000.0,3101000.0,3105000.0,2992000.0,3033000.0,3039000.0,3318000.0,3417000.0,3546000.0,3498000.0,3540000.0,3675000.0,3774000.0,3779000.0,4058000.0,4166000.0,4246000.0,4454000.0,4619000.0,4684000.0,4769000.0,4886000.0,5061000.0,5440000.0,5422000.0,5490000.0,5838000.0,5684000.0,5929000.0,6009000.0,6199000.0,6305000.0,6586000.0,6823000.0,7001000.0,7042000.0,7937000.0,8279000.0,8255000.0,8696000.0,9163000.0,10686000.0,10194000.0,10148000.0,10000000.0,10755000,10729000
SRB,0.0,0.0,0.0,0.0,0.0,0.0,0.0,0.0,0.0,0.0,0.0,0.0,0.0,0.0,0.0,0.0,0.0,0.0,0.0,0.0,0.0,0.0,0.0,0.0,0.0,0.0,0.0,0.0,0.0,0.0,0.0,0.0,0.0,0.0,0.0,0.0,0.0,0.0,0.0,0.0,0.0,0.0,0.0,0.0,0.0,25423000.0,22473000.0,26902000.0,25401000.0,25350000.0,24799000.0,16587000,25399000
SLE,1589000.0,1641000.0,1717000.0,1763000.0,1882000.0,1981000.0,2008000.0,1967000.0,2026000.0,2100000.0,2114000.0,2120000.0,2159000.0,2144000.0,2192000.0,2165000.0,2234000.0,2276000.0,2319000.0,2413000.0,2451000.0,2472000.0,2461000.0,2459000.0,2535000.0,2576000.0,2655000.0,2671000.0,2732000.0,2779000.0,2843000.0,2865000.0,2859000.0,2932000.0,2938000.0,3087000.0,3162000.0,3084000.0,3058000.0,3070000.0,3299000.0,3519000.0,4059000.0,4783000.0,4898000.0,5357000.0,5807000.0,6057000.0,6163000.0,6863000.0,7211000.0,7607000,7946000
SVK,0.0,0.0,0.0,0.0,0.0,0.0,0.0,0.0,0.0,0.0,0.0,0.0,0.0,0.0,0.0,0.0,0.0,0.0,0.0,0.0,0.0,0.0,0.0,0.0,0.0,0.0,0.0,0.0,0.0,0.0,0.0,0.0,13515000.0,13147000.0,12974000.0,13712000.0,13142000.0,12688000.0,12362000.0,11091000.0,11663000.0,11528000.0,10945000.0,11072000.0,10654000.0,10800000.0,10484000.0,10704000.0,11147000.0,11573000.0,11819000.0,9786000,10122000
SVN,0.0,0.0,0.0,0.0,0.0,0.0,0.0,0.0,0.0,0.0,0.0,0.0,0.0,0.0,0.0,0.0,0.0,0.0,0.0,0.0,0.0,0.0,0.0,0.0,0.0,0.0,0.0,0.0,0.0,0.0,0.0,4087000.0,4454000.0,4760000.0,4842000.0,5124000.0,4998000.0,4795000.0,5092000.0,5095000.0,4773000.0,5186000.0,4683000.0,5346000.0,5182000.0,4890000.0,5009000.0,5109000.0,4901000.0,4695000.0,4652000.0,4506000,4495000
SLB,181000.0,188000.0,196000.0,205000.0,208000.0,217000.0,224000.0,227000.0,231000.0,239000.0,243000.0,248000.0,254000.0,261000.0,265000.0,278000.0,284000.0,292000.0,301000.0,313000.0,312000.0,329000.0,340000.0,348000.0,357000.0,366000.0,374000.0,382000.0,392000.0,390000.0,400000.0,416000.0,407000.0,434000.0,444000.0,459000.0,486000.0,497000.0,484000.0,507000.0,523000.0,556000.0,578000.0,596000.0,619000.0,629000.0,652000.0,683000.0,694000.0,702000.0,725000.0,718000,727000
ZAF,21922000.0,21719000.0,22989000.0,22583000.0,24666000.0,26652000.0,27255000.0,29473000.0,31122000.0,31958000.0,31912000.0,34106000.0,34981000.0,35601000.0,36770000.0,36844000.0,36921000.0,37239000.0,38275000.0,39465000.0,41397000.0,44061000.0,44708000.0,45511000.0,46342000.0,45183000.0,48474000.0,48044000.0,50042000.0,49637000.0,49858000.0,50817000.0,51439000.0,52280000.0,54058000.0,52827000.0,55007000.0,55439000.0,56393000.0,56954000.0,57445000.0,56051000.0,56462000.0,58635000.0,61232000.0,62234000.0,63688000.0,64462000.0,64731000.0,66329000.0,68329000.0,70812000,70240000
ESP,57983000.0,58728000.0,64092000.0,63547000.0,64796000.0,70248000.0,71315000.0,74617000.0,76067000.0,78177000.0,83404000.0,85289000.0,90955000.0,97978000.0,96302000.0,92870000.0,94513000.0,98947000.0,103518000.0,106473000.0,103272000.0,105492000.0,108171000.0,113349000.0,112503000.0,108995000.0,114346000.0,114625000.0,117972000.0,120074000.0,120149000.0,117991000.0,117297000.0,116546000.0,110088000.0,120240000.0,126645000.0,130147000.0,131408000.0,133017000.0,131812000.0,135708000.0,142802000.0,142711000.0,134618000.0,138483000.0,144947000.0,141519000.0,136073000.0,133940000.0,133445000.0,127967000,137594000
LKA,7507000.0,7546000.0,8002000.0,8829000.0,8756000.0,8933000.0,9745000.0,9713000.0,9699000.0,9865000.0,9599000.0,9658000.0,10314000.0,10843000.0,11676000.0,11657000.0,11850000.0,12488000.0,13973000.0,14322000.0,13334000.0,13078000.0,14443000.0,14778000.0,14346000.0,14140000.0,13872000.0,14421000.0,14429000.0,14001000.0,14222000.0,13930000.0,14039000.0,16250000.0,16035000.0,16520000.0,16739000.0,16046000.0,16787000.0,16774000.0,16904000.0,16892000.0,17034000.0,17200000.0,17453000.0,18366000.0,18485000.0,18632000.0,18923000.0,19414000.0,19811000.0,20130000,21080000
SDN,0.0,0.0,0.0,0.0,0.0,0.0,0.0,0.0,0.0,0.0,0.0,0.0,0.0,0.0,0.0,0.0,0.0,0.0,0.0,0.0,0.0,0.0,0.0,0.0,0.0,0.0,0.0,0.0,0.0,0.0,0.0,0.0,0.0,0.0,0.0,0.0,0.0,0.0,0.0,0.0,0.0,0.0,0.0,0.0,0.0,0.0,0.0,0.0,0.0,0.0,0.0,42543000,43661000
SUR,236000.0,237000.0,280000.0,295000.0,297000.0,349000.0,389000.0,381000.0,440000.0,452000.0,451000.0,445000.0,429000.0,401000.0,416000.0,421000.0,477000.0,466000.0,463000.0,535000.0,525000.0,483000.0,504000.0,523000.0,489000.0,509000.0,530000.0,535000.0,602000.0,630000.0,632000.0,639000.0,640000.0,627000.0,588000.0,594000.0,592000.0,589000.0,595000.0,589000.0,612000.0,574000.0,595000.0,627000.0,646000.0,704000.0,707000.0,735000.0,781000.0,761000.0,753000.0,722000,752000
SWZ,368000.0,374000.0,363000.0,369000.0,382000.0,401000.0,428000.0,449000.0,476000.0,504000.0,541000.0,543000.0,564000.0,614000.0,626000.0,642000.0,617000.0,644000.0,656000.0,693000.0,650000.0,648000.0,658000.0,759000.0,802000.0,781000.0,799000.0,893000.0,951000.0,937000.0,918000.0,940000.0,939000.0,951000.0,936000.0,934000.0,968000.0,996000.0,1103000.0,1191000.0,1224000.0,1223000.0,1200000.0,1301000.0,1298000.0,1184000.0,1145000.0,1156000.0,1168000.0,1223000.0,1237000.0,1275000,1383000
SWE,21329000.0,20519000.0,21241000.0,22198000.0,22087000.0,21403000.0,21892000.0,22091000.0,21852000.0,21994000.0,22293000.0,21756000.0,21672000.0,22042000.0,22685000.0,22967000.0,22936000.0,23319000.0,23784000.0,24069000.0,23969000.0,24340000.0,24161000.0,24966000.0,24154000.0,24100000.0,23991000.0,24029000.0,24504000.0,24271000.0,23511000.0,23707000.0,24404000.0,24661000.0,24414000.0,24832000.0,25143000.0,24751000.0,24746000.0,24414000.0,24469000.0,24834000.0,24928000.0,25203000.0,24218000.0,23504000.0,24649000.0,25508000.0,25255000.0,23938000.0,25578000.0,25908000,26656000
CHE,15972000.0,16889000.0,16917000.0,17018000.0,17274000.0,17767000.0,19114000.0,18056000.0,18810000.0,18574000.0,18862000.0,18365000.0,18911000.0,19061000.0,18997000.0,18819000.0,18855000.0,19781000.0,19936000.0,20044000.0,20429000.0,20842000.0,19990000.0,20467000.0,20091000.0,19630000.0,19174000.0,19995000.0,19864000.0,19433000.0,19426000.0,19653000.0,19248000.0,18803000.0,18881000.0,19410000.0,18627000.0,18487000.0,17311000.0,18287000.0,17911000.0,17905000.0,17445000.0,17597000.0,17391000.0,17447000.0,18540000.0,19146000.0,18897000.0,19135000.0,20266000.0,19477000,19550000
TJK,0.0,0.0,0.0,0.0,0.0,0.0,0.0,0.0,0.0,0.0,0.0,0.0,0.0,0.0,0.0,0.0,0.0,0.0,0.0,0.0,0.0,0.0,0.0,0.0,0.0,0.0,0.0,0.0,0.0,0.0,0.0,5550000.0,5655000.0,5126000.0,5023000.0,4428000.0,4367000.0,4380000.0,4746000.0,4830000.0,5193000.0,5584000.0,6215000.0,6765000.0,7805000.0,8457000.0,8836000.0,9620000.0,10641000.0,11380000.0,11968000.0,13353000,14092000
THA,20574000.0,21850000.0,23444000.0,24234000.0,24848000.0,26750000.0,26060000.0,27940000.0,30930000.0,31522000.0,31723000.0,31114000.0,37937000.0,40787000.0,43785000.0,43837000.0,44244000.0,47176000.0,46486000.0,45472000.0,48191000.0,43024000.0,45025000.0,44767000.0,47498000.0,45831000.0,47448000.0,53444000.0,54650000.0,55743000.0,59352000.0,68062000.0,68369000.0,75415000.0,79117000.0,82146000.0,81247000.0,84361000.0,82954000.0,91625000.0,89099000.0,91861000.0,93550000.0,92894000.0,93559000.0,95697000.0,99359000.0,99705000.0,95325000.0,97400000.0,97751000.0,103867000,102057000
TLS,394000.0,399000.0,394000.0,392000.0,404000.0,433000.0,432000.0,451000.0,479000.0,470000.0,468000.0,464000.0,495000.0,514000.0,526000.0,528000.0,541000.0,547000.0,552000.0,537000.0,546000.0,555000.0,560000.0,590000.0,595000.0,598000.0,608000.0,624000.0,622000.0,599000.0,642000.0,689000.0,735000.0,754000.0,747000.0,682000.0,686000.0,615000.0,671000.0,673000.0,702000.0,751000.0,766000.0,767000.0,759000.0,754000.0,769000.0,765000.0,811000.0,794000.0,793000.0,838000,855000
TGO,1673000.0,1721000.0,1712000.0,1821000.0,1899000.0,1963000.0,2076000.0,2067000.0,2088000.0,2150000.0,2225000.0,2286000.0,2309000.0,2235000.0,2258000.0,2236000.0,2173000.0,2378000.0,2544000.0,2589000.0,2652000.0,2622000.0,2502000.0,2660000.0,2929000.0,2822000.0,2719000.0,3035000.0,3214000.0,3594000.0,3299000.0,3239000.0,3504000.0,3773000.0,3831000.0,3900000.0,4150000.0,4233000.0,4345000.0,4493000.0,4465000.0,4612000.0,4856000.0,4912000.0,4967000.0,5190000.0,5351000.0,5456000.0,5708000.0,5913000.0,6040000.0,6362000,6681000
TTO,747000.0,792000.0,829000.0,889000.0,912000.0,939000.0,970000.0,955000.0,1074000.0,1067000.0,1115000.0,1128000.0,1157000.0,1195000.0,1237000.0,1296000.0,1407000.0,1449000.0,1522000.0,1677000.0,1650000.0,1705000.0,1718000.0,1746000.0,1734000.0,1767000.0,1689000.0,1495000.0,1411000.0,1394000.0,1536000.0,1469000.0,1394000.0,1354000.0,1401000.0,1393000.0,1406000.0,1493000.0,1441000.0,1503000.0,1619000.0,1618000.0,1547000.0,1576000.0,1577000.0,1716000.0,1642000.0,1750000.0,1648000.0,1683000.0,1834000.0,1943000,1949000
TUN,3635000.0,3899000.0,3873000.0,3874000.0,4246000.0,4313000.0,4530000.0,4498000.0,4546000.0,4683000.0,5066000.0,5601000.0,5790000.0,6287000.0,6492000.0,6986000.0,7293000.0,7729000.0,8079000.0,8385000.0,8971000.0,9060000.0,9522000.0,9880000.0,10346000.0,10914000.0,11299000.0,11451000.0,11430000.0,12825000.0,13107000.0,13236000.0,13285000.0,13307000.0,14096000.0,14762000.0,14799000.0,15370000.0,16620000.0,16711000.0,16845000.0,17947000.0,17314000.0,17988000.0,18726000.0,19409000.0,20226000.0,19637000.0,20368000.0,21052000.0,21264000.0,22251000,22823000
TUR,56830000.0,58624000.0,59497000.0,62686000.0,64604000.0,65648000.0,68379000.0,69952000.0,71100000.0,73790000.0,75179000.0,76384000.0,75677000.0,77920000.0,83066000.0,88527000.0,89689000.0,93324000.0,99453000.0,99408000.0,100201000.0,102073000.0,103960000.0,110189000.0,117983000.0,111436000.0,115314000.0,118659000.0,114237000.0,125149000.0,126464000.0,127316000.0,132242000.0,128796000.0,135105000.0,138539000.0,135443000.0,142009000.0,145408000.0,149404000.0,143832000.0,147408000.0,153877000.0,154477000.0,155663000.0,156993000.0,155043000.0,158375000.0,159621000.0,160592000.0,168384000.0,175040000,180603000
TKM,0.0,0.0,0.0,0.0,0.0,0.0,0.0,0.0,0.0,0.0,0.0,0.0,0.0,0.0,0.0,0.0,0.0,0.0,0.0,0.0,0.0,0.0,0.0,0.0,0.0,0.0,0.0,0.0,0.0,0.0,0.0,7096000.0,7255000.0,6948000.0,6635000.0,5250000.0,5634000.0,5936000.0,7646000.0,8237000.0,8995000.0,10426000.0,11367000.0,11327000.0,12839000.0,13892000.0,13463000.0,13429000.0,12702000.0,12721000.0,11762000.0,11960000,12054000
UGA,12799000.0,13044000.0,13863000.0,14027000.0,13682000.0,13296000.0,15596000.0,16428000.0,17385000.0,21262000.0,21078000.0,21640000.0,21689000.0,23187000.0,24516000.0,24509000.0,24388000.0,23797000.0,21769000.0,21788000.0,23614000.0,25813000.0,26925000.0,26112000.0,25914000.0,26930000.0,28196000.0,29805000.0,31554000.0,32257000.0,32698000.0,32232000.0,33843000.0,33735000.0,35378000.0,34828000.0,35988000.0,38812000.0,42019000.0,43307000.0,45152000.0,46544000.0,47922000.0,48407000.0,48293000.0,48170000.0,48739000.0,37211000.0,38194000.0,39875000.0,40265000.0,41005000,40944000
UKR,0.0,0.0,0.0,0.0,0.0,0.0,0.0,0.0,0.0,0.0,0.0,0.0,0.0,0.0,0.0,0.0,0.0,0.0,0.0,0.0,0.0,0.0,0.0,0.0,0.0,0.0,0.0,0.0,0.0,0.0,0.0,157361000.0,156184000.0,144264000.0,136978000.0,129619000.0,124210000.0,119589000.0,112971000.0,118158000.0,118868000.0,131753000.0,120237000.0,145999000.0,135752000.0,144689000.0,136809000.0,152149000.0,126773000.0,142927000.0,167793000.0,143969000,153750000
ARE,96000.0,101000.0,108000.0,115000.0,119000.0,143000.0,163000.0,190000.0,225000.0,272000.0,285000.0,330000.0,543000.0,673000.0,822000.0,1103000.0,1256000.0,1460000.0,1662000.0,1848000.0,2035000.0,2375000.0,2603000.0,3017000.0,2947000.0,3303000.0,3598000.0,3428000.0,3544000.0,3519000.0,3663000.0,4391000.0,4592000.0,4782000.0,4898000.0,4940000.0,4945000.0,5222000.0,6147000.0,6354000.0,5828000.0,6326000.0,6580000.0,6517000.0,6710000.0,8432000.0,9817000.0,11794000.0,11873000.0,12253000.0,12943000.0,14175000,15444000
GBR,117090000.0,125060000.0,125159000.0,127434000.0,129205000.0,125513000.0,128649000.0,132405000.0,133445000.0,133123000.0,133617000.0,133393000.0,132817000.0,130259000.0,127278000.0,128625000.0,131987000.0,132528000.0,133831000.0,128776000.0,127118000.0,135372000.0,131149000.0,132867000.0,131343000.0,133490000.0,133470000.0,134597000.0,134222000.0,133515000.0,129751000.0,132955000.0,131707000.0,133588000.0,129456000.0,134946000.0,137653000.0,137296000.0,139757000.0,138666000.0,144443000.0,145480000.0,148295000.0,147730000.0,150257000.0,148738000.0,146990000.0,148209000.0,145861000.0,146770000.0,146143000.0,146451000,149979000
TZA,12367000.0,12810000.0,13109000.0,12965000.0,13742000.0,14517000.0,14433000.0,15071000.0,15344000.0,16190000.0,15490000.0,15950000.0,17192000.0,18180000.0,21269000.0,22200000.0,22705000.0,23331000.0,25133000.0,24188000.0,25289000.0,27057000.0,28255000.0,28558000.0,28906000.0,29771000.0,30186000.0,29621000.0,31028000.0,31387000.0,33886000.0,33781000.0,33332000.0,34429000.0,33106000.0,33073000.0,34741000.0,35414000.0,35217000.0,34437000.0,35179000.0,39054000.0,35219000.0,42004000.0,44312000.0,47662000.0,49289000.0,48669000.0,51600000.0,53643000.0,56322000.0,55833000,59136000
USA,559347000.0,556319000.0,552630000.0,555677000.0,589288000.0,596129000.0,603444000.0,628936000.0,647869000.0,646576000.0,678905000.0,691014000.0,683179000.0,613150000.0,642217000.0,652239000.0,674580000.0,711429000.0,730542000.0,700241000.0,717866000.0,751515000.0,730857000.0,767510000.0,781596000.0,813060000.0,832334000.0,760821000.0,797454000.0,835926000.0,830811000.0,864199000.0,850575000.0,913340000.0,851713000.0,906255000.0,910904000.0,921577000.0,939541000.0,964963000.0,951203000.0,937972000.0,962709000.0,997495000.0,982124000.0,948891000.0,965464000.0,936095000.0,929625000.0,909478000.0,892416000.0,910537000,938639000
URY,4631000.0,4448000.0,4682000.0,4723000.0,4581000.0,4610000.0,4327000.0,4258000.0,4710000.0,4876000.0,4943000.0,4846000.0,4976000.0,4973000.0,5109000.0,5063000.0,4699000.0,4564000.0,4964000.0,4807000.0,5050000.0,4951000.0,4656000.0,4878000.0,4736000.0,4732000.0,4972000.0,4892000.0,4863000.0,5143000.0,4880000.0,5450000.0,5495000.0,5710000.0,5571000.0,5999000.0,6029000.0,6110000.0,6016000.0,6096000.0,6588000.0,6121000.0,6106000.0,6126000.0,6237000.0,6149000.0,6957000.0,7051000.0,7511000.0,6879000.0,7582000.0,7947000,7792000
UZB,0.0,0.0,0.0,0.0,0.0,0.0,0.0,0.0,0.0,0.0,0.0,0.0,0.0,0.0,0.0,0.0,0.0,0.0,0.0,0.0,0.0,0.0,0.0,0.0,0.0,0.0,0.0,0.0,0.0,0.0,0.0,32167000.0,31018000.0,29933000.0,29883000.0,29108000.0,29194000.0,28657000.0,29216000.0,28341000.0,29206000.0,31473000.0,33331000.0,34098000.0,37844000.0,41766000.0,45387000.0,48420000.0,51204000.0,55304000.0,58940000.0,64002000,67245000
VUT,97000.0,101000.0,103000.0,102000.0,107000.0,111000.0,115000.0,115000.0,117000.0,125000.0,127000.0,132000.0,142000.0,149000.0,141000.0,147000.0,155000.0,164000.0,177000.0,175000.0,172000.0,185000.0,190000.0,204000.0,209000.0,207000.0,213000.0,216000.0,211000.0,224000.0,224000.0,227000.0,232000.0,231000.0,227000.0,246000.0,256000.0,270000.0,271000.0,276000.0,274000.0,279000.0,292000.0,294000.0,299000.0,314000.0,331000.0,343000.0,353000.0,368000.0,366000.0,374000,382000
VEN,9523000.0,9369000.0,9788000.0,10539000.0,10641000.0,10772000.0,11126000.0,12014000.0,12537000.0,13503000.0,14014000.0,14120000.0,14510000.0,14945000.0,16339000.0,17455000.0,20451000.0,21390000.0,21987000.0,23468000.0,24496000.0,24327000.0,23331000.0,25622000.0,24659000.0,23323000.0,25706000.0,28935000.0,25402000.0,22804000.0,25644000.0,27637000.0,28228000.0,27550000.0,28693000.0,29186000.0,29780000.0,32306000.0,31339000.0,33765000.0,34948000.0,30809000.0,32270000.0,33755000.0,33423000.0,35359000.0,39994000.0,43357000.0,43545000.0,45290000.0,46151000.0,45196000,45462000
VNM,23856000.0,25220000.0,26053000.0,26377000.0,26961000.0,27355000.0,27745000.0,28698000.0,29565000.0,30841000.0,30771000.0,31243000.0,32134000.0,32526000.0,31466000.0,34662000.0,36783000.0,38466000.0,42164000.0,43198000.0,44210000.0,43501000.0,43768000.0,45795000.0,45379000.0,47494000.0,48326000.0,48736000.0,48989000.0,48135000.0,49663000.0,52944000.0,56013000.0,58592000.0,60708000.0,63134000.0,65925000.0,68431000.0,72303000.0,78034000.0,82222000.0,87577000.0,92275000.0,95462000.0,98395000.0,99783000.0,104261000.0,104562000.0,107692000.0,113477000.0,112747000.0,125554000,128111000
YEM,2982000.0,3038000.0,3147000.0,3224000.0,3328000.0,3358000.0,3420000.0,3411000.0,3386000.0,3348000.0,3649000.0,3735000.0,4110000.0,4223000.0,4434000.0,4666000.0,5210000.0,5660000.0,5933000.0,6039000.0,6277000.0,6646000.0,6694000.0,7065000.0,7286000.0,7747000.0,7655000.0,8488000.0,8757000.0,8368000.0,8731000.0,9056000.0,9732000.0,9634000.0,9841000.0,10191000.0,10631000.0,11505000.0,11623000.0,12018000.0,12374000.0,12707000.0,13482000.0,13461000.0,14057000.0,14852000.0,16064000.0,16201000.0,17127000.0,17008000.0,17090000.0,18371000,18745000
ZMB,2976000.0,3057000.0,3069000.0,3121000.0,3236000.0,3523000.0,3688000.0,3791000.0,3904000.0,4006000.0,4138000.0,4420000.0,4586000.0,4541000.0,4576000.0,4708000.0,4963000.0,4963000.0,4949000.0,4934000.0,4927000.0,4921000.0,4923000.0,5006000.0,5010000.0,5205000.0,5372000.0,5625000.0,5927000.0,6104000.0,6188000.0,6160000.0,6510000.0,6704000.0,6880000.0,6974000.0,6876000.0,6986000.0,7449000.0,7043000.0,7351000.0,7318000.0,7715000.0,7770000.0,7947000.0,8277000.0,8189000.0,8612000.0,9212000.0,9787000.0,10063000.0,10511000,10996000
ZWE,3260000.0,3503000.0,3479000.0,3738000.0,3940000.0,3991000.0,4202000.0,4443000.0,4486000.0,4714000.0,5052000.0,5351000.0,5200000.0,5541000.0,5575000.0,5798000.0,5635000.0,5598000.0,5867000.0,6222000.0,6326000.0,6258000.0,6292000.0,6485000.0,6461000.0,6494000.0,6525000.0,6717000.0,6902000.0,6960000.0,6861000.0,6931000.0,7114000.0,7217000.0,7188000.0,7792000.0,8000000.0,8156000.0,8110000.0,8355000.0,8586000.0,8116000.0,8119000.0,8218000.0,8070000.0,8581000.0,8545000.0,8492000.0,8936000.0,9301000.0,9689000.0,9915000,9786000
